frame,wallclock,cycle_ms,post_http,post_ms,notify_http,notify_ms,polls,fetch_ms,fetch_http,file,note
1,14:02:19,8904,200,130,200,904,4,0,0,IMG_0854.CR3,
2,14:02:34,8925,200,148,200,924,3,0,0,IMG_0855.CR3,
3,14:02:49,8964,200,149,200,963,3,0,0,IMG_0856.CR3,
4,14:03:04,8973,200,168,200,973,3,0,0,IMG_0857.CR3,
5,14:03:19,8968,200,184,200,967,3,0,0,IMG_0858.CR3,
6,14:03:34,8852,200,67,200,852,3,0,0,IMG_0859.CR3,
7,14:03:49,8870,200,73,200,870,3,0,0,IMG_0860.CR3,
8,14:04:04,8886,200,94,200,886,4,0,0,IMG_0861.CR3,
9,14:04:19,8890,200,100,200,889,3,0,0,IMG_0862.CR3,
10,14:04:34,8912,200,123,200,911,3,0,0,IMG_0863.CR3,
11,14:04:49,8942,200,127,200,942,3,0,0,IMG_0864.CR3,
12,14:05:04,8948,200,143,200,947,3,0,0,IMG_0865.CR3,
13,14:05:19,8950,200,164,200,950,3,0,0,IMG_0866.CR3,
14,14:05:34,8963,200,178,200,962,4,0,0,IMG_0867.CR3,
15,14:05:49,8994,200,192,200,993,4,0,0,IMG_0868.CR3,
16,14:06:04,8859,200,78,200,858,3,0,0,IMG_0869.CR3,
17,14:06:19,8869,200,89,200,868,3,0,0,IMG_0870.CR3,
18,14:06:34,8887,200,98,200,886,3,0,0,IMG_0871.CR3,
19,14:06:49,8893,200,117,200,893,3,0,0,IMG_0872.CR3,
20,14:07:04,8910,200,130,200,910,3,0,0,IMG_0873.CR3,
21,14:07:19,8949,200,145,200,949,4,0,0,IMG_0874.CR3,
22,14:07:34,8962,200,151,200,962,3,0,0,IMG_0875.CR3,
23,14:07:49,8953,200,172,200,952,3,0,0,IMG_0876.CR3,
24,14:08:04,8968,200,185,200,968,3,0,0,IMG_0877.CR3,
25,14:08:19,8862,200,72,200,862,3,0,0,IMG_0878.CR3,
26,14:08:34,8874,200,75,200,874,3,0,0,IMG_0879.CR3,
27,14:08:49,8887,200,98,200,886,3,0,0,IMG_0880.CR3,
28,14:09:04,8904,200,103,200,903,4,0,0,IMG_0881.CR3,
29,14:09:19,8930,200,118,200,930,3,0,0,IMG_0882.CR3,
30,14:09:34,8947,200,131,200,946,3,0,0,IMG_0883.CR3,
31,14:09:49,8941,200,146,200,941,3,0,0,IMG_0884.CR3,
32,14:10:04,8957,200,166,200,956,3,0,0,IMG_0885.CR3,
33,14:10:19,8969,200,181,200,969,3,0,0,IMG_0886.CR3,
34,14:10:34,8851,200,66,200,851,3,0,0,IMG_0887.CR3,
35,14:10:49,8874,200,70,200,874,4,0,0,IMG_0888.CR3,
36,14:11:04,8891,200,91,200,891,3,0,0,IMG_0889.CR3,
37,14:11:19,8887,200,98,200,886,3,0,0,IMG_0890.CR3,
38,14:11:34,8910,200,123,200,910,3,0,0,IMG_0891.CR3,
39,14:11:49,8934,200,127,200,933,3,0,0,IMG_0892.CR3,
40,14:12:04,8944,200,142,200,944,3,0,0,IMG_0893.CR3,
41,14:12:19,8954,200,165,200,954,3,0,0,IMG_0894.CR3,
42,14:12:34,8973,200,177,200,973,4,0,0,IMG_0895.CR3,
43,14:12:49,8865,200,63,200,864,3,0,0,IMG_0896.CR3,
44,14:13:04,8867,200,70,200,867,3,0,0,IMG_0897.CR3,
45,14:13:19,8883,200,90,200,883,3,0,0,IMG_0898.CR3,
46,14:13:34,8894,200,102,200,893,3,0,0,IMG_0899.CR3,
47,14:13:49,8921,200,110,200,920,3,0,0,IMG_0900.CR3,
48,14:14:04,8926,200,123,200,926,3,0,0,IMG_0901.CR3,
49,14:14:19,8941,200,138,200,940,4,0,0,IMG_0902.CR3,
50,14:14:34,8965,200,152,200,964,3,0,0,IMG_0903.CR3,
51,14:14:49,8970,200,194,200,970,3,0,0,IMG_0904.CR3,
52,14:15:04,8970,200,189,200,969,3,0,0,IMG_0905.CR3,
53,14:15:19,8862,200,74,200,862,3,0,0,IMG_0906.CR3,
54,14:15:34,8880,200,90,200,880,3,0,0,IMG_0907.CR3,
55,14:15:49,8902,200,97,200,902,3,0,0,IMG_0908.CR3,
56,14:16:04,8907,200,116,200,906,4,0,0,IMG_0909.CR3,
57,14:16:19,8922,200,119,200,922,3,0,0,IMG_0910.CR3,
58,14:16:34,8944,200,132,200,943,3,0,0,IMG_0911.CR3,
59,14:16:49,8933,200,147,200,933,3,0,0,IMG_0912.CR3,
60,14:17:04,8963,200,170,200,962,3,0,0,IMG_0913.CR3,
61,14:17:19,8980,200,184,200,980,3,0,0,IMG_0914.CR3,
62,14:17:34,8862,200,64,200,861,3,0,0,IMG_0915.CR3,
63,14:17:49,8873,200,72,200,872,4,0,0,IMG_0916.CR3,
64,14:18:04,8887,200,87,200,886,3,0,0,IMG_0917.CR3,
65,14:18:19,8913,200,106,200,913,3,0,0,IMG_0918.CR3,
66,14:18:34,8911,200,124,200,911,3,0,0,IMG_0919.CR3,
67,14:18:49,8926,200,128,200,925,3,0,0,IMG_0920.CR3,
68,14:19:04,8955,200,143,200,954,3,0,0,IMG_0921.CR3,
69,14:19:19,8974,200,167,200,974,3,0,0,IMG_0922.CR3,
70,14:19:34,8964,200,176,200,964,4,0,0,IMG_0923.CR3,
71,14:19:49,8852,200,81,200,852,3,0,0,IMG_0924.CR3,
72,14:20:04,8875,200,81,200,875,3,0,0,IMG_0925.CR3,
73,14:20:19,8875,200,88,200,875,3,0,0,IMG_0926.CR3,
74,14:20:34,8891,200,100,200,891,3,0,0,IMG_0927.CR3,
75,14:20:49,8917,200,111,200,917,3,0,0,IMG_0928.CR3,
76,14:21:04,8937,200,133,200,937,3,0,0,IMG_0929.CR3,
77,14:21:19,8930,200,148,200,930,3,0,0,IMG_0930.CR3,
78,14:21:34,8953,200,162,200,952,4,0,0,IMG_0931.CR3,
79,14:21:49,8979,200,175,200,978,3,0,0,IMG_0932.CR3,
80,14:22:04,8990,200,189,200,989,3,0,0,IMG_0933.CR3,
81,14:22:19,8875,200,63,200,875,3,0,0,IMG_0934.CR3,
82,14:22:34,8872,200,83,200,872,3,0,0,IMG_0935.CR3,
83,14:22:49,8911,200,96,200,911,3,0,0,IMG_0936.CR3,
84,14:23:04,8915,200,105,200,915,3,0,0,IMG_0937.CR3,
85,14:23:19,8934,200,121,200,933,4,0,0,IMG_0938.CR3,
86,14:23:34,8953,200,143,200,953,3,0,0,IMG_0939.CR3,
87,14:23:49,8959,200,155,200,958,3,0,0,IMG_0940.CR3,
88,14:24:04,8954,200,171,200,954,3,0,0,IMG_0941.CR3,
89,14:24:19,8985,200,184,200,985,3,0,0,IMG_0942.CR3,
90,14:24:34,8876,200,70,200,876,3,0,0,IMG_0943.CR3,
91,14:24:49,8883,200,83,200,883,3,0,0,IMG_0944.CR3,
92,14:25:04,8895,200,95,200,895,3,0,0,IMG_0945.CR3,
93,14:25:19,8907,200,102,200,906,4,0,0,IMG_0946.CR3,
94,14:25:34,8924,200,117,200,924,3,0,0,IMG_0947.CR3,
95,14:25:49,8941,200,147,200,940,3,0,0,IMG_0948.CR3,
96,14:26:04,8934,200,153,200,933,3,0,0,IMG_0949.CR3,
97,14:26:19,8976,200,166,200,976,3,0,0,IMG_0950.CR3,
98,14:26:34,8985,200,181,200,985,3,0,0,IMG_0951.CR3,
99,14:26:49,8858,200,66,200,857,3,0,0,IMG_0952.CR3,
100,14:27:04,8862,200,82,200,862,3,0,0,IMG_0953.CR3,
