frame,wallclock,cycle_ms,iso,iso_ms,post_ms,post_http,notify_http,notify_ms,polls,fetch_ms,fetch_http,file,medY,meanY,note
1,05:12:27,10025,1250,11,122,200,200,24,1,0,0,IMG_0251.CR3,-1.00000,-1.00000,
2,05:12:40,10080,1600,32,159,200,200,25,1,34,200,IMG_0252.CR3,0.00042,0.00067,
3,05:12:52,10064,1250,41,150,200,200,26,1,36,200,IMG_0253.CR3,0.00044,0.00085,
4,05:13:04,10064,1600,35,163,200,200,28,1,35,200,IMG_0254.CR3,0.00046,0.00071,
5,05:13:16,10065,1250,32,62,200,200,29,1,35,200,IMG_0255.CR3,0.00044,0.00085,
6,05:13:28,10071,1600,35,76,200,200,31,1,38,200,IMG_0256.CR3,0.00042,0.00067,
7,05:13:40,10072,1250,34,88,200,200,30,1,41,200,IMG_0257.CR3,0.00044,0.00086,
8,05:13:52,10071,1600,37,91,200,200,26,1,43,200,IMG_0258.CR3,0.00039,0.00065,
9,05:14:04,10075,1250,39,87,200,200,24,1,49,200,IMG_0259.CR3,0.00044,0.00085,
10,05:14:16,10078,1600,32,98,200,200,24,1,53,200,IMG_0260.CR3,0.00040,0.00065,
11,05:14:28,10072,1250,36,95,200,200,28,1,42,200,IMG_0261.CR3,0.00044,0.00085,
12,05:14:40,10076,1600,36,93,200,200,30,1,45,200,IMG_0262.CR3,0.00041,0.00066,
13,05:14:52,10069,1250,32,100,200,200,23,1,44,200,IMG_0263.CR3,0.00044,0.00085,
14,05:15:04,10068,1600,34,114,200,200,24,1,43,200,IMG_0264.CR3,0.00042,0.00067,
15,05:15:16,10071,1250,34,117,200,200,27,1,42,200,IMG_0265.CR3,0.00044,0.00086,
16,05:15:29,10062,1600,34,125,200,200,24,1,37,200,IMG_0266.CR3,0.00042,0.00067,
17,05:15:41,10064,1250,33,141,200,200,27,1,37,200,IMG_0267.CR3,0.00044,0.00086,
18,05:15:53,10064,1600,35,162,200,200,27,1,35,200,IMG_0268.CR3,0.00043,0.00059,
19,05:16:05,10060,1250,34,176,200,200,26,1,32,200,IMG_0269.CR3,0.00045,0.00062,
20,05:16:17,10060,1600,33,64,200,200,25,1,33,200,IMG_0270.CR3,0.00046,0.00049,
21,05:16:29,10067,1250,35,71,200,200,30,1,35,200,IMG_0271.CR3,0.00040,0.00022,
22,05:16:41,10066,1600,32,89,200,200,25,1,40,200,IMG_0272.CR3,0.00039,0.00021,
23,05:16:53,10074,1250,35,98,200,200,24,1,49,200,IMG_0273.CR3,0.00041,0.00023,
24,05:17:05,10071,1600,40,95,200,200,26,1,44,200,IMG_0274.CR3,0.00037,0.00020,
25,05:17:17,10066,1250,32,116,200,200,24,1,41,200,IMG_0275.CR3,0.00041,0.00023,
26,05:17:29,10056,1600,32,117,200,200,20,1,35,200,IMG_0276.CR3,0.00040,0.00022,
27,05:17:41,10063,1250,33,136,200,200,30,1,32,200,IMG_0277.CR3,0.00040,0.00022,
28,05:17:53,10057,1600,41,155,200,200,24,1,31,200,IMG_0278.CR3,0.00038,0.00020,
29,05:18:05,10065,1250,35,65,200,200,30,1,33,200,IMG_0279.CR3,0.00041,0.00023,
30,05:18:17,10063,1600,33,85,200,200,24,1,38,200,IMG_0280.CR3,0.00039,0.00022,
31,05:18:30,10075,1250,33,109,200,200,26,1,47,200,IMG_0281.CR3,0.00041,0.00023,
32,05:18:42,10073,1600,36,106,200,200,29,1,43,200,IMG_0282.CR3,0.00040,0.00023,
33,05:18:54,10067,1250,35,106,200,200,26,1,38,200,IMG_0283.CR3,0.00041,0.00023,
34,05:19:06,10058,1600,33,120,200,200,24,1,32,200,IMG_0284.CR3,0.00040,0.00022,
35,05:19:18,10058,1250,35,148,200,200,24,1,33,200,IMG_0285.CR3,0.00042,0.00024,
36,05:19:30,10058,1600,32,167,200,200,24,1,33,200,IMG_0286.CR3,0.00040,0.00022,
37,05:19:42,10059,1250,35,55,200,200,24,1,33,200,IMG_0287.CR3,0.00041,0.00024,
38,05:19:54,10060,1600,34,66,200,200,26,1,33,200,IMG_0288.CR3,0.00039,0.00021,
39,05:20:06,10067,1250,34,81,200,200,24,1,40,200,IMG_0289.CR3,0.00042,0.00025,
40,05:20:18,10075,1600,37,99,200,200,37,1,36,200,IMG_0290.CR3,0.00040,0.00023,
41,05:20:30,10066,1250,36,92,200,200,23,1,41,200,IMG_0291.CR3,0.00042,0.00025,
42,05:20:42,10061,1600,32,120,200,200,24,1,36,200,IMG_0292.CR3,0.00040,0.00023,
43,05:20:54,10060,1250,33,124,200,200,24,1,34,200,IMG_0293.CR3,0.00041,0.00024,
44,05:21:06,10063,1600,35,141,200,200,26,1,35,200,IMG_0294.CR3,0.00040,0.00022,
45,05:21:18,10059,1250,34,167,200,200,24,1,34,200,IMG_0295.CR3,0.00042,0.00025,
46,05:21:30,10065,1600,34,186,200,200,28,1,35,200,IMG_0296.CR3,0.00040,0.00022,
47,05:21:43,10060,1250,34,69,200,200,27,1,32,200,IMG_0297.CR3,0.00041,0.00024,
48,05:21:55,10067,1600,32,77,200,200,32,1,34,200,IMG_0298.CR3,0.00039,0.00021,
49,05:22:07,10067,1250,33,84,200,200,26,1,40,200,IMG_0299.CR3,0.00041,0.00024,
50,05:22:19,10072,1600,33,95,200,200,26,1,45,200,IMG_0300.CR3,0.00041,0.00023,
51,05:22:31,10072,1250,35,100,200,200,26,1,44,200,IMG_0301.CR3,0.00041,0.00024,
52,05:22:43,10078,1600,35,117,200,200,29,1,47,200,IMG_0302.CR3,0.00041,0.00023,
53,05:22:55,10077,1250,41,103,200,200,29,1,46,200,IMG_0303.CR3,0.00042,0.00025,
54,05:23:07,10083,1600,35,115,200,200,29,1,51,200,IMG_0304.CR3,0.00040,0.00022,
55,05:23:19,10064,1250,40,97,200,200,24,1,38,200,IMG_0305.CR3,0.00042,0.00024,
56,05:23:31,10059,1600,39,123,200,200,26,1,32,200,IMG_0306.CR3,0.00040,0.00023,
57,05:23:43,10067,1250,39,140,200,200,28,1,37,200,IMG_0307.CR3,0.00042,0.00025,
58,05:23:55,10067,1600,40,141,200,200,32,1,33,200,IMG_0308.CR3,0.00041,0.00023,
59,05:24:07,10065,1250,33,164,200,200,27,1,36,200,IMG_0309.CR3,0.00042,0.00025,
60,05:24:19,10059,1600,35,170,200,200,25,1,32,200,IMG_0310.CR3,0.00040,0.00022,
61,05:24:31,10062,1250,38,62,200,200,28,1,33,200,IMG_0311.CR3,0.00042,0.00024,
62,05:24:44,10063,1600,33,77,200,200,29,1,33,200,IMG_0312.CR3,0.00040,0.00023,
63,05:24:56,10072,1250,34,93,200,200,26,1,44,200,IMG_0313.CR3,0.00042,0.00025,
64,05:25:08,10067,1600,34,92,200,200,25,1,39,200,IMG_0314.CR3,0.00041,0.00023,
65,05:25:20,10077,1250,37,97,200,200,28,1,47,200,IMG_0315.CR3,0.00042,0.00025,
66,05:25:32,10071,1600,34,109,200,200,25,1,44,200,IMG_0316.CR3,0.00041,0.00024,
67,05:25:44,10064,1250,37,108,200,200,24,1,38,200,IMG_0317.CR3,0.00042,0.00025,
68,05:25:56,10068,1600,35,121,200,200,29,1,36,200,IMG_0318.CR3,0.00041,0.00023,
69,05:26:08,10061,1250,38,132,200,200,24,1,35,200,IMG_0319.CR3,0.00042,0.00025,
70,05:26:20,10058,1600,42,156,200,200,24,1,32,200,IMG_0320.CR3,0.00042,0.00024,
71,05:26:32,10068,1250,33,178,200,200,32,1,35,200,IMG_0321.CR3,0.00042,0.00024,
72,05:26:44,10070,1600,34,190,200,200,29,1,39,200,IMG_0322.CR3,0.00041,0.00024,
73,05:26:56,10061,1250,34,53,200,200,24,1,35,200,IMG_0323.CR3,0.00042,0.00025,
74,05:27:08,10064,1600,39,74,200,200,27,1,35,200,IMG_0324.CR3,0.00040,0.00023,
75,05:27:20,10071,1250,33,97,200,200,30,1,39,200,IMG_0325.CR3,0.00042,0.00025,
76,05:27:33,10069,1600,43,88,200,200,29,1,39,200,IMG_0326.CR3,0.00042,0.00025,
77,05:27:45,10077,1250,34,103,200,200,25,1,51,200,IMG_0327.CR3,0.00042,0.00025,
78,05:27:57,10070,1600,37,95,200,200,25,1,43,200,IMG_0328.CR3,0.00042,0.00024,
79,05:28:09,10076,1250,38,104,200,200,29,1,45,200,IMG_0329.CR3,0.00042,0.00025,
80,05:28:21,10075,1600,32,121,200,200,29,1,44,200,IMG_0330.CR3,0.00042,0.00024,
81,05:28:33,10069,1250,40,117,200,200,28,1,39,200,IMG_0331.CR3,0.00042,0.00025,
82,05:28:45,10064,1600,36,121,200,200,24,1,39,200,IMG_0332.CR3,0.00041,0.00024,
83,05:28:57,10307,1250,48,120,200,200,270,1,36,200,IMG_0333.CR3,0.00042,0.00025,
84,05:29:10,10616,1600,35,178,200,200,575,1,39,200,IMG_0334.CR3,0.00042,0.00024,
85,05:29:22,10060,1250,67,151,200,200,26,1,32,200,IMG_0335.CR3,0.00043,0.00026,
86,05:29:34,10063,1600,41,63,200,200,27,1,34,200,IMG_0336.CR3,0.00040,0.00023,
87,05:29:46,10066,1250,34,66,200,200,31,1,33,200,IMG_0337.CR3,0.00042,0.00025,
88,05:29:58,10069,1600,34,87,200,200,27,1,40,200,IMG_0338.CR3,0.00042,0.00024,
89,05:30:10,10071,1250,36,93,200,200,29,1,40,200,IMG_0339.CR3,0.00042,0.00025,
90,05:30:22,10080,1600,37,94,200,200,30,1,48,200,IMG_0340.CR3,0.00042,0.00024,
91,05:30:34,10080,1250,41,91,200,200,37,1,39,200,IMG_0341.CR3,0.00043,0.00025,
92,05:30:46,10074,1600,44,94,200,200,30,1,42,200,IMG_0342.CR3,0.00041,0.00023,
93,05:30:59,10076,1250,37,98,200,200,31,1,42,200,IMG_0343.CR3,0.00043,0.00026,
94,05:31:11,10078,1600,39,103,200,200,27,1,49,200,IMG_0344.CR3,0.00040,0.00023,
95,05:31:23,10074,1250,34,101,200,200,27,1,46,200,IMG_0345.CR3,0.00042,0.00025,
96,05:31:35,10074,1600,37,103,200,200,26,1,47,200,IMG_0346.CR3,0.00041,0.00024,
97,05:31:47,10078,1250,39,104,200,200,31,1,45,200,IMG_0347.CR3,0.00042,0.00025,
98,05:31:59,10079,1600,35,107,200,200,29,1,48,200,IMG_0348.CR3,0.00042,0.00024,
99,05:32:11,10076,1250,34,106,200,200,26,1,47,200,IMG_0349.CR3,0.00042,0.00025,
100,05:32:23,10078,1600,36,103,200,200,30,1,46,200,IMG_0350.CR3,0.00041,0.00023,
101,05:32:35,10085,1250,46,103,200,200,34,1,49,200,IMG_0351.CR3,0.00042,0.00025,
102,05:32:47,10088,1600,36,99,200,200,34,1,52,200,IMG_0352.CR3,0.00042,0.00025,
103,05:32:59,10080,1250,45,88,200,200,35,1,43,200,IMG_0353.CR3,0.00042,0.00025,
104,05:33:11,10075,1600,35,93,200,200,33,1,40,200,IMG_0354.CR3,0.00041,0.00023,
105,05:33:23,10076,1250,40,240,200,200,35,1,38,200,IMG_0355.CR3,0.00043,0.00025,
106,05:33:36,10075,1600,39,96,200,200,29,1,44,200,IMG_0356.CR3,0.00042,0.00025,
107,05:33:48,10070,1250,37,92,200,200,32,1,37,200,IMG_0357.CR3,0.00043,0.00026,
108,05:34:00,10067,1600,40,101,200,200,25,1,40,200,IMG_0358.CR3,0.00040,0.00023,
109,05:34:12,10070,1250,34,127,200,200,29,1,41,200,IMG_0359.CR3,0.00042,0.00024,
110,05:34:24,10084,1600,29,137,200,200,36,1,46,200,IMG_0360.CR3,0.00041,0.00024,
111,05:34:36,10070,1250,46,107,200,200,25,1,44,200,IMG_0361.CR3,0.00042,0.00025,
112,05:34:48,10062,1600,44,112,200,200,25,1,36,200,IMG_0362.CR3,0.00042,0.00025,
113,05:35:00,10066,1250,38,145,200,200,30,1,35,200,IMG_0363.CR3,0.00043,0.00025,
114,05:35:12,10059,1600,40,140,200,200,24,1,33,200,IMG_0364.CR3,0.00041,0.00023,
115,05:35:24,10057,1250,31,178,200,200,23,1,33,200,IMG_0365.CR3,0.00043,0.00026,
116,05:35:36,10058,1600,35,52,200,200,25,1,32,200,IMG_0366.CR3,0.00042,0.00025,
117,05:35:48,10070,1250,33,78,200,200,28,1,40,200,IMG_0367.CR3,0.00043,0.00026,
118,05:36:00,10074,1600,31,96,200,200,30,1,41,200,IMG_0368.CR3,0.00041,0.00023,
119,05:36:12,10073,1250,33,96,200,200,27,1,44,200,IMG_0369.CR3,0.00043,0.00026,
120,05:36:24,10074,1600,36,89,200,200,26,1,47,200,IMG_0370.CR3,0.00041,0.00024,
121,05:36:37,10070,1250,38,96,200,200,26,1,42,200,IMG_0371.CR3,0.00042,0.00025,
122,05:36:49,10071,1600,32,110,200,200,30,1,40,200,IMG_0372.CR3,0.00041,0.00024,
123,05:37:01,10086,1250,32,126,200,200,36,1,48,200,IMG_0373.CR3,0.00043,0.00025,
124,05:37:13,10084,1600,41,109,200,200,33,1,49,200,IMG_0374.CR3,0.00042,0.00024,
125,05:37:25,10078,1250,37,100,200,200,36,1,40,200,IMG_0375.CR3,0.00043,0.00026,
126,05:37:37,10078,1600,33,96,200,200,34,1,42,200,IMG_0376.CR3,0.00040,0.00022,
127,05:37:49,10074,1250,41,100,200,200,34,1,39,200,IMG_0377.CR3,0.00043,0.00025,
128,05:38:01,10082,1600,44,100,200,200,31,1,50,200,IMG_0378.CR3,0.00041,0.00024,
129,05:38:13,10073,1250,38,104,200,200,28,1,43,200,IMG_0379.CR3,0.00043,0.00026,
130,05:38:25,10072,1600,38,100,200,200,27,1,44,200,IMG_0380.CR3,0.00043,0.00026,
131,05:38:37,10080,1250,38,116,200,200,32,1,45,200,IMG_0381.CR3,0.00042,0.00025,
132,05:38:49,10086,1600,36,117,200,200,32,1,52,200,IMG_0382.CR3,0.00042,0.00024,
133,05:39:02,10074,1250,39,94,200,200,33,1,39,200,IMG_0383.CR3,0.00043,0.00026,
134,05:39:14,10143,1600,39,99,200,200,46,1,94,200,IMG_0384.CR3,0.00042,0.00025,
135,05:39:26,10070,1250,33,176,200,200,31,1,37,200,IMG_0385.CR3,0.00043,0.00026,
136,05:39:38,10069,1600,39,174,200,200,34,1,34,200,IMG_0386.CR3,0.00042,0.00024,
137,05:39:50,10056,1250,33,48,200,200,22,1,33,200,IMG_0387.CR3,0.00042,0.00025,
138,05:40:02,10071,1600,38,89,200,200,30,1,40,200,IMG_0388.CR3,0.00041,0.00024,
139,05:40:14,10068,1250,45,72,200,200,28,1,37,200,IMG_0389.CR3,0.00043,0.00026,
140,05:40:26,10068,1600,32,74,200,200,26,1,40,200,IMG_0390.CR3,0.00042,0.00025,
141,05:40:38,10080,1250,38,68,200,200,36,1,42,200,IMG_0391.CR3,0.00043,0.00026,
142,05:40:50,10076,1600,38,59,200,200,40,1,35,200,IMG_0392.CR3,0.00042,0.00025,
143,05:41:02,10063,1250,41,71,200,200,29,1,33,200,IMG_0393.CR3,0.00043,0.00025,
144,05:41:14,10071,1600,40,79,200,200,27,1,41,200,IMG_0394.CR3,0.00042,0.00024,
145,05:41:26,10065,1250,40,83,200,200,23,1,42,200,IMG_0395.CR3,0.00042,0.00025,
146,05:41:38,10074,1600,33,110,200,200,28,1,45,200,IMG_0396.CR3,0.00042,0.00025,
147,05:41:51,10066,1250,36,112,200,200,26,1,38,200,IMG_0397.CR3,0.00043,0.00026,
148,05:42:03,10060,1600,37,121,200,200,25,1,34,200,IMG_0398.CR3,0.00043,0.00026,
149,05:42:15,10063,1250,46,127,200,200,28,1,34,200,IMG_0399.CR3,0.00043,0.00026,
150,05:42:27,10067,1600,39,148,200,200,28,1,36,200,IMG_0400.CR3,0.00042,0.00024,
151,05:42:39,10077,1250,35,176,200,200,42,1,34,200,IMG_0401.CR3,0.00043,0.00026,
152,05:42:51,10075,1600,39,169,200,200,36,1,37,200,IMG_0402.CR3,0.00043,0.00026,
153,05:43:03,10073,1250,36,170,200,200,35,1,36,200,IMG_0403.CR3,0.00043,0.00025,
154,05:43:15,10070,1600,39,176,200,200,29,1,39,200,IMG_0404.CR3,0.00043,0.00025,
155,05:43:27,10067,1250,35,186,200,200,27,1,39,200,IMG_0405.CR3,0.00043,0.00026,
156,05:43:39,10068,1600,37,64,200,200,31,1,35,200,IMG_0406.CR3,0.00041,0.00023,
157,05:43:51,10077,1250,40,60,200,200,39,1,36,200,IMG_0407.CR3,0.00043,0.00026,
158,05:44:03,10070,1600,34,75,200,200,31,1,35,200,IMG_0408.CR3,0.00042,0.00025,
159,05:44:15,10068,1250,36,78,200,200,34,1,33,200,IMG_0409.CR3,0.00043,0.00026,
160,05:44:27,10072,1600,32,92,200,200,30,1,39,200,IMG_0410.CR3,0.00041,0.00024,
161,05:44:40,10070,1250,34,93,200,200,30,1,38,200,IMG_0411.CR3,0.00043,0.00026,
162,05:44:52,10073,1600,36,98,200,200,28,1,43,200,IMG_0412.CR3,0.00042,0.00024,
163,05:45:04,10064,1250,39,94,200,200,24,1,39,200,IMG_0413.CR3,0.00043,0.00026,
164,05:45:16,10071,1600,32,124,200,200,27,1,43,200,IMG_0414.CR3,0.00041,0.00023,
165,05:45:28,10067,1250,32,134,200,200,29,1,36,200,IMG_0415.CR3,0.00043,0.00026,
166,05:45:40,10070,1600,37,126,200,200,31,1,35,200,IMG_0416.CR3,0.00041,0.00023,
167,05:45:52,10068,1250,40,135,200,200,31,1,35,200,IMG_0417.CR3,0.00043,0.00027,
168,05:46:04,10066,1600,41,149,200,200,30,1,35,200,IMG_0418.CR3,0.00042,0.00024,
169,05:46:16,10060,1250,42,161,200,200,23,1,34,200,IMG_0419.CR3,0.00042,0.00025,
170,05:46:28,10068,1600,39,185,200,200,29,1,37,200,IMG_0420.CR3,0.00043,0.00025,
171,05:46:40,10070,1250,31,55,200,200,34,1,34,200,IMG_0421.CR3,0.00043,0.00026,
172,05:46:52,10060,1600,37,61,200,200,26,1,32,200,IMG_0422.CR3,0.00043,0.00026,
173,05:47:04,10068,1250,37,84,200,200,24,1,43,200,IMG_0423.CR3,0.00043,0.00026,
174,05:47:16,10073,1600,38,96,200,200,29,1,42,200,IMG_0424.CR3,0.00041,0.00023,
175,05:47:29,10070,1250,35,97,200,200,26,1,42,200,IMG_0425.CR3,0.00043,0.00026,
176,05:47:41,10082,1600,38,102,200,200,33,1,47,200,IMG_0426.CR3,0.00043,0.00026,
177,05:47:53,10078,1250,35,110,200,200,38,1,39,200,IMG_0427.CR3,0.00043,0.00026,
178,05:48:05,10082,1600,39,97,200,200,35,1,46,200,IMG_0428.CR3,0.00042,0.00025,
179,05:48:17,10069,1250,45,97,200,200,23,1,45,200,IMG_0429.CR3,0.00043,0.00026,
180,05:48:29,10079,1600,37,108,200,200,32,1,45,200,IMG_0430.CR3,0.00041,0.00024,
181,05:48:41,10084,1250,36,115,200,200,31,1,50,200,IMG_0431.CR3,0.00043,0.00026,
182,05:48:53,10073,1600,37,98,200,200,31,1,41,200,IMG_0432.CR3,0.00042,0.00025,
183,05:49:05,10077,1250,39,95,200,200,26,1,49,200,IMG_0433.CR3,0.00043,0.00026,
184,05:49:17,10072,1600,37,100,200,200,27,1,43,200,IMG_0434.CR3,0.00042,0.00024,
185,05:49:29,10081,1250,37,115,200,200,32,1,48,200,IMG_0435.CR3,0.00043,0.00026,
186,05:49:41,10083,1600,37,105,200,200,27,1,54,200,IMG_0436.CR3,0.00042,0.00025,
187,05:49:53,10076,1250,32,100,200,200,27,1,47,200,IMG_0437.CR3,0.00043,0.00026,
188,05:50:06,10082,1600,40,97,200,200,32,1,50,200,IMG_0438.CR3,0.00042,0.00025,
189,05:50:18,10074,1250,45,90,200,200,28,1,44,200,IMG_0439.CR3,0.00043,0.00026,
190,05:50:30,10077,1600,32,112,200,200,28,1,46,200,IMG_0440.CR3,0.00042,0.00024,
191,05:50:42,10085,1250,39,107,200,200,35,1,48,200,IMG_0441.CR3,0.00043,0.00025,
192,05:50:54,10076,1600,40,101,200,200,36,1,39,200,IMG_0442.CR3,0.00042,0.00025,
193,05:51:06,10082,1250,34,95,200,200,31,1,48,200,IMG_0443.CR3,0.00043,0.00026,
194,05:51:18,10070,1600,34,105,200,200,29,1,39,200,IMG_0444.CR3,0.00043,0.00026,
195,05:51:30,10080,1250,35,106,200,200,32,1,47,200,IMG_0445.CR3,0.00043,0.00026,
196,05:51:42,10072,1600,40,96,200,200,28,1,43,200,IMG_0446.CR3,0.00042,0.00024,
197,05:51:54,10079,1250,40,97,200,200,30,1,46,200,IMG_0447.CR3,0.00043,0.00026,
198,05:52:06,10079,1600,33,109,200,200,26,1,50,200,IMG_0448.CR3,0.00042,0.00025,
199,05:52:18,10077,1250,34,108,200,200,32,1,44,200,IMG_0449.CR3,0.00043,0.00025,
200,05:52:30,10075,1600,38,104,200,200,28,1,45,200,IMG_0450.CR3,0.00042,0.00025,
201,05:52:43,10066,1250,37,88,200,200,24,1,40,200,IMG_0451.CR3,0.00043,0.00026,
202,05:52:55,10072,1600,37,95,200,200,25,1,44,200,IMG_0452.CR3,0.00042,0.00025,
203,05:53:07,10082,1250,35,104,200,200,33,1,48,200,IMG_0453.CR3,0.00042,0.00025,
204,05:53:19,10077,1600,42,92,200,200,29,1,47,200,IMG_0454.CR3,0.00042,0.00025,
205,05:53:31,10078,1250,42,93,200,200,28,1,48,200,IMG_0455.CR3,0.00043,0.00026,
206,05:53:43,10076,1600,40,96,200,200,27,1,47,200,IMG_0456.CR3,0.00041,0.00024,
207,05:53:55,10081,1250,39,98,200,200,30,1,50,200,IMG_0457.CR3,0.00043,0.00026,
208,05:54:07,10073,1600,32,101,200,200,33,1,38,200,IMG_0458.CR3,0.00042,0.00024,
209,05:54:19,10076,1250,38,97,200,200,26,1,48,200,IMG_0459.CR3,0.00043,0.00026,
210,05:54:31,10080,1600,37,103,200,200,28,1,50,200,IMG_0460.CR3,0.00042,0.00025,
211,05:54:43,10081,1250,34,99,200,200,34,1,45,200,IMG_0461.CR3,0.00043,0.00026,
212,05:54:55,10067,1600,36,97,200,200,23,1,43,200,IMG_0462.CR3,0.00043,0.00026,
213,05:55:07,10083,1250,36,105,200,200,33,1,48,200,IMG_0463.CR3,0.00043,0.00026,
214,05:55:20,10069,1600,39,100,200,200,24,1,43,200,IMG_0464.CR3,0.00042,0.00025,
215,05:55:32,10086,1250,34,113,200,200,36,1,48,200,IMG_0465.CR3,0.00043,0.00026,
216,05:55:44,10079,1600,34,105,200,200,29,1,47,200,IMG_0466.CR3,0.00041,0.00024,
217,05:55:56,10077,1250,35,97,200,200,30,1,46,200,IMG_0467.CR3,0.00043,0.00025,
218,05:56:08,10081,1600,40,97,200,200,30,1,49,200,IMG_0468.CR3,0.00042,0.00025,
219,05:56:20,10077,1250,34,96,200,200,27,1,48,200,IMG_0469.CR3,0.00043,0.00026,
220,05:56:32,10081,1600,36,98,200,200,29,1,51,200,IMG_0470.CR3,0.00043,0.00026,
221,05:56:44,10072,1250,35,93,200,200,24,1,46,200,IMG_0471.CR3,0.00043,0.00026,
222,05:56:56,10077,1600,33,108,200,200,37,1,37,200,IMG_0472.CR3,0.00042,0.00025,
223,05:57:08,10075,1250,37,97,200,200,25,1,47,200,IMG_0473.CR3,0.00043,0.00026,
224,05:57:20,10082,1600,36,106,200,200,32,1,48,200,IMG_0474.CR3,0.00042,0.00025,
225,05:57:32,10085,1250,37,97,200,200,34,1,49,200,IMG_0475.CR3,0.00042,0.00025,
226,05:57:45,10084,1600,45,89,200,200,36,1,48,200,IMG_0476.CR3,0.00042,0.00024,
227,05:57:57,10078,1250,39,85,200,200,35,1,41,200,IMG_0477.CR3,0.00042,0.00025,
228,05:58:09,10075,1600,42,92,200,200,31,1,41,200,IMG_0478.CR3,0.00042,0.00025,
229,05:58:21,10067,1250,37,96,200,200,29,1,37,200,IMG_0479.CR3,0.00042,0.00025,
230,05:58:33,10087,1600,38,100,200,200,43,1,42,200,IMG_0480.CR3,0.00043,0.00026,
231,05:58:45,10076,1250,44,90,200,200,36,1,38,200,IMG_0481.CR3,0.00043,0.00026,
232,05:58:57,10072,1600,35,96,200,200,25,1,45,200,IMG_0482.CR3,0.00042,0.00025,
233,05:59:09,10083,1250,39,104,200,200,36,1,44,200,IMG_0483.CR3,0.00043,0.00026,
234,05:59:21,10071,1600,37,93,200,200,31,1,38,200,IMG_0484.CR3,0.00042,0.00025,
235,05:59:33,10076,1250,35,96,200,200,32,1,41,200,IMG_0485.CR3,0.00043,0.00026,
236,05:59:45,10080,1600,34,98,200,200,29,1,50,200,IMG_0486.CR3,0.00042,0.00025,
237,05:59:57,10075,1250,37,103,200,200,26,1,47,200,IMG_0487.CR3,0.00043,0.00026,
238,06:00:09,10080,1600,35,100,200,200,30,1,48,200,IMG_0488.CR3,0.00042,0.00025,
239,06:01:02,50570,1250,35,102,200,0,40569,3,0,0,IMG_0488.CR3,-1.00000,-1.00000,通知なし
