fetches,wallclock,fetch_ms,fetch_http,bytes,probe,probe_ms,note
1,17:02:53,47,200,3280,,0,
2,17:02:53,37,200,3227,,0,
3,17:02:53,42,200,3124,,0,
4,17:02:53,51,200,3270,,0,
5,17:02:53,39,200,3143,,0,
6,17:02:53,40,200,3344,,0,
7,17:02:53,49,200,3185,,0,
8,17:02:53,42,200,3342,,0,
9,17:02:53,41,200,3177,,0,
10,17:02:53,52,200,3368,,0,
11,17:02:53,41,200,3146,,0,
12,17:02:53,42,200,3328,,0,
13,17:02:53,52,200,3134,,0,
14,17:02:53,40,200,3343,,0,
15,17:02:53,41,200,3168,,0,
16,17:02:53,50,200,3322,,0,
17,17:02:53,41,200,3158,,0,
18,17:02:53,40,200,3354,,0,
19,17:02:54,55,200,3139,,0,
20,17:02:54,42,200,3368,,0,
21,17:02:54,41,200,3105,,0,
22,17:02:54,48,200,3353,,0,
23,17:02:54,41,200,3108,,0,
24,17:02:54,42,200,3329,,0,
25,17:02:54,47,200,3107,,0,
26,17:02:54,42,200,3291,,0,
27,17:02:54,43,200,3010,,0,
28,17:02:54,53,200,3272,,0,
29,17:02:54,42,200,3005,,0,
30,17:02:54,40,200,3261,,0,
31,17:02:54,47,200,3010,,0,
32,17:02:54,55,200,3247,,0,
33,17:02:54,50,200,3038,,0,
34,17:02:54,40,200,3139,,0,
35,17:02:54,46,200,2957,,0,
36,17:02:54,45,200,3179,,0,
37,17:02:54,43,200,2998,,0,
38,17:02:54,42,200,3242,,0,
39,17:02:54,41,200,3027,,0,
40,17:03:03,48,200,3157,OK,8919,
41,17:03:03,36,200,2991,,0,
42,17:03:03,51,200,3144,,0,
43,17:03:04,36,200,3032,,0,
44,17:03:04,43,200,3219,,0,
45,17:03:04,50,200,2978,,0,
46,17:03:04,42,200,3123,,0,
47,17:03:04,43,200,2884,,0,
48,17:03:04,48,200,3108,,0,
49,17:03:04,42,200,2960,,0,
50,17:03:04,41,200,3108,,0,
51,17:03:04,48,200,2988,,0,
52,17:03:04,42,200,3131,,0,
53,17:03:04,44,200,2994,,0,
54,17:03:04,48,200,3135,,0,
55,17:03:04,42,200,3046,,0,
56,17:03:04,42,200,3175,,0,
57,17:03:04,50,200,2986,,0,
58,17:03:04,46,200,3226,,0,
59,17:03:04,39,200,3058,,0,
60,17:03:04,48,200,3227,,0,
61,17:03:04,43,200,3041,,0,
62,17:03:04,41,200,3229,,0,
63,17:03:04,49,200,3028,,0,
64,17:03:04,41,200,3246,,0,
65,17:03:04,47,200,2999,,0,
66,17:03:05,44,200,3328,,0,
67,17:03:05,46,200,3106,,0,
68,17:03:05,42,200,3275,,0,
69,17:03:05,60,200,3054,,0,
70,17:03:05,43,200,3242,,0,
71,17:03:05,46,200,2984,,0,
72,17:03:05,53,200,3247,,0,
73,17:03:05,47,200,3088,,0,
74,17:03:05,54,200,3325,,0,
75,17:03:05,41,200,3051,,0,
76,17:03:05,40,200,3249,,0,
77,17:03:05,57,200,3081,,0,
78,17:03:05,46,200,3263,,0,
79,17:03:05,41,200,3065,,0,
80,17:03:14,51,200,3202,OK,8916,
81,17:03:14,40,200,3036,,0,
82,17:03:14,60,200,3191,,0,
83,17:03:14,38,200,3078,,0,
84,17:03:14,45,200,3225,,0,
85,17:03:14,46,200,3047,,0,
86,17:03:14,43,200,3196,,0,
87,17:03:14,40,200,3078,,0,
88,17:03:14,48,200,3217,,0,
89,17:03:15,45,200,3021,,0,
90,17:03:15,41,200,3247,,0,
91,17:03:15,49,200,3044,,0,
92,17:03:15,43,200,3227,,0,
93,17:03:15,43,200,3059,,0,
94,17:03:15,49,200,3219,,0,
95,17:03:15,40,200,3010,,0,
96,17:03:15,42,200,3204,,0,
97,17:03:15,49,200,3031,,0,
98,17:03:15,40,200,3169,,0,
99,17:03:15,41,200,3022,,0,
100,17:03:15,54,200,3151,,0,
101,17:03:15,40,200,3280,,0,
102,17:03:15,36,200,3227,,0,
103,17:03:15,46,200,3124,,0,
104,17:03:15,38,200,3270,,0,
105,17:03:15,35,200,3143,,0,
106,17:03:15,44,200,3344,,0,
107,17:03:15,43,200,3185,,0,
108,17:03:15,36,200,3342,,0,
109,17:03:15,37,200,3177,,0,
110,17:03:15,46,200,3368,,0,
111,17:03:15,38,200,3146,,0,
112,17:03:15,38,200,3328,,0,
113,17:03:16,47,200,3134,,0,
114,17:03:16,44,200,3343,,0,
115,17:03:16,40,200,3168,,0,
116,17:03:16,50,200,3322,,0,
117,17:03:16,38,200,3158,,0,
118,17:03:16,38,200,3354,,0,
119,17:03:16,49,200,3139,,0,
120,17:03:25,39,200,3368,OK,8886,
121,17:03:25,34,200,3105,,0,
122,17:03:25,50,200,3353,,0,
123,17:03:25,39,200,3108,,0,
124,17:03:25,41,200,3329,,0,
125,17:03:25,46,200,3107,,0,
126,17:03:25,40,200,3291,,0,
127,17:03:25,36,200,3010,,0,
128,17:03:25,43,200,3272,,0,
129,17:03:25,39,200,3005,,0,
130,17:03:25,39,200,3261,,0,
131,17:03:25,37,200,3010,,0,
132,17:03:25,46,200,3247,,0,
133,17:03:25,38,200,3038,,0,
134,17:03:25,41,200,3139,,0,
135,17:03:25,48,200,2957,,0,
136,17:03:25,38,200,3179,,0,
137,17:03:25,38,200,2998,,0,
138,17:03:25,47,200,3242,,0,
139,17:03:26,39,200,3027,,0,
140,17:03:26,40,200,3157,,0,
141,17:03:26,42,200,2991,,0,
142,17:03:26,39,200,3144,,0,
143,17:03:26,37,200,3032,,0,
144,17:03:26,42,200,3219,,0,
145,17:03:26,51,200,2978,,0,
146,17:03:26,38,200,3123,,0,
147,17:03:26,37,200,2884,,0,
148,17:03:26,49,200,3108,,0,
149,17:03:26,38,200,2960,,0,
150,17:03:26,37,200,3108,,0,
151,17:03:26,52,200,2988,,0,
152,17:03:26,37,200,3131,,0,
153,17:03:26,38,200,2994,,0,
154,17:03:26,46,200,3135,,0,
155,17:03:26,53,200,3046,,0,
156,17:03:26,42,200,3175,,0,
157,17:03:26,52,200,2986,,0,
158,17:03:26,39,200,3226,,0,
159,17:03:26,38,200,3058,,0,
160,17:03:35,47,200,3227,OK,8949,
161,17:03:35,35,200,3041,,0,
162,17:03:35,45,200,3229,,0,
163,17:03:35,36,200,3028,,0,
164,17:03:36,38,200,3246,,0,
165,17:03:36,50,200,2999,,0,
166,17:03:36,40,200,3328,,0,
167,17:03:36,43,200,3106,,0,
168,17:03:36,47,200,3275,,0,
169,17:03:36,39,200,3054,,0,
170,17:03:36,37,200,3242,,0,
171,17:03:36,45,200,2984,,0,
172,17:03:36,43,200,3247,,0,
173,17:03:36,37,200,3088,,0,
174,17:03:36,48,200,3325,,0,
175,17:03:36,37,200,3051,,0,
176,17:03:36,38,200,3249,,0,
177,17:03:36,42,200,3081,,0,
178,17:03:36,43,200,3263,,0,
179,17:03:36,40,200,3065,,0,
180,17:03:36,40,200,3202,,0,
181,17:03:36,49,200,3036,,0,
182,17:03:36,40,200,3191,,0,
183,17:03:36,37,200,3078,,0,
184,17:03:36,49,200,3225,,0,
185,17:03:36,40,200,3047,,0,
186,17:03:36,36,200,3196,,0,
187,17:03:36,44,200,3078,,0,
188,17:03:37,44,200,3217,,0,
189,17:03:37,41,200,3021,,0,
190,17:03:37,41,200,3247,,0,
191,17:03:37,44,200,3044,,0,
192,17:03:37,35,200,3227,,0,
193,17:03:37,37,200,3059,,0,
194,17:03:37,47,200,3219,,0,
195,17:03:37,43,200,3010,,0,
196,17:03:37,39,200,3204,,0,
197,17:03:37,47,200,3031,,0,
198,17:03:37,40,200,3169,,0,
199,17:03:37,39,200,3022,,0,
200,17:03:46,44,200,3151,OK,8960,
201,17:03:46,40,200,3280,,0,
202,17:03:46,46,200,3227,,0,
203,17:03:46,35,200,3124,,0,
204,17:03:46,37,200,3270,,0,
205,17:03:46,42,200,3143,,0,
206,17:03:46,38,200,3344,,0,
207,17:03:46,37,200,3185,,0,
208,17:03:46,49,200,3342,,0,
209,17:03:46,38,200,3177,,0,
210,17:03:46,38,200,3368,,0,
211,17:03:46,45,200,3146,,0,
212,17:03:46,39,200,3328,,0,
213,17:03:47,37,200,3134,,0,
214,17:03:47,37,200,3343,,0,
215,17:03:47,46,200,3168,,0,
216,17:03:47,35,200,3322,,0,
217,17:03:47,39,200,3158,,0,
218,17:03:47,48,200,3354,,0,
219,17:03:47,38,200,3139,,0,
220,17:03:47,39,200,3368,,0,
221,17:03:47,52,200,3105,,0,
222,17:03:47,47,200,3353,,0,
223,17:03:47,37,200,3108,,0,
224,17:03:47,49,200,3329,,0,
225,17:03:47,39,200,3107,,0,
226,17:03:47,36,200,3291,,0,
227,17:03:47,48,200,3010,,0,
228,17:03:47,37,200,3272,,0,
229,17:03:47,39,200,3005,,0,
230,17:03:47,44,200,3261,,0,
231,17:03:47,41,200,3010,,0,
232,17:03:47,39,200,3247,,0,
233,17:03:47,37,200,3038,,0,
234,17:03:47,42,200,3139,,0,
235,17:03:47,50,200,2957,,0,
236,17:03:47,40,200,3179,,0,
237,17:03:48,47,200,2998,,0,
238,17:03:48,40,200,3242,,0,
239,17:03:48,38,200,3027,,0,
240,17:03:57,49,200,3157,OK,8925,
241,17:03:57,34,200,2991,,0,
242,17:03:57,53,200,3144,,0,
243,17:03:57,34,200,3032,,0,
244,17:03:57,37,200,3219,,0,
245,17:03:57,49,200,2978,,0,
246,17:03:57,38,200,3123,,0,
247,17:03:57,38,200,2884,,0,
248,17:03:57,44,200,3108,,0,
249,17:03:57,39,200,2960,,0,
250,17:03:57,40,200,3108,,0,
251,17:03:57,39,200,2988,,0,
252,17:03:57,42,200,3131,,0,
253,17:03:57,39,200,2994,,0,
254,17:03:57,39,200,3135,,0,
255,17:03:57,51,200,3046,,0,
256,17:03:57,39,200,3175,,0,
257,17:03:57,40,200,2986,,0,
258,17:03:57,49,200,3226,,0,
259,17:03:57,39,200,3058,,0,
260,17:03:57,38,200,3227,,0,
261,17:03:57,44,200,3041,,0,
262,17:03:57,42,200,3229,,0,
263,17:03:58,38,200,3028,,0,
264,17:03:58,42,200,3246,,0,
265,17:03:58,41,200,2999,,0,
266,17:03:58,41,200,3328,,0,
267,17:03:58,41,200,3106,,0,
268,17:03:58,43,200,3275,,0,
269,17:03:58,45,200,3054,,0,
270,17:03:58,34,200,3242,,0,
271,17:03:58,51,200,2984,,0,
272,17:03:58,38,200,3247,,0,
273,17:03:58,38,200,3088,,0,
274,17:03:58,50,200,3325,,0,
275,17:03:58,53,200,3051,,0,
276,17:03:58,39,200,3249,,0,
277,17:03:58,47,200,3081,,0,
278,17:03:58,40,200,3263,,0,
279,17:03:58,37,200,3065,,0,
280,17:04:07,47,200,3202,OK,8925,
281,17:04:07,35,200,3036,,0,
282,17:04:07,48,200,3191,,0,
283,17:04:07,42,200,3078,,0,
284,17:04:07,39,200,3225,,0,
285,17:04:07,43,200,3047,,0,
286,17:04:07,39,200,3196,,0,
287,17:04:07,39,200,3078,,0,
288,17:04:07,40,200,3217,,0,
289,17:04:08,41,200,3021,,0,
290,17:04:08,38,200,3247,,0,
291,17:04:08,37,200,3044,,0,
292,17:04:08,51,200,3227,,0,
293,17:04:08,38,200,3059,,0,
294,17:04:08,40,200,3219,,0,
295,17:04:08,46,200,3010,,0,
296,17:04:08,38,200,3204,,0,
297,17:04:08,40,200,3031,,0,
298,17:04:08,42,200,3169,,0,
299,17:04:08,46,200,3022,,0,
300,17:04:08,40,200,3151,,0,
301,17:04:08,35,200,3280,,0,
302,17:04:08,42,200,3227,,0,
303,17:04:08,39,200,3124,,0,
304,17:04:08,37,200,3270,,0,
305,17:04:08,48,200,3143,,0,
306,17:04:08,38,200,3344,,0,
307,17:04:08,36,200,3185,,0,
308,17:04:08,45,200,3342,,0,
309,17:04:08,38,200,3177,,0,
310,17:04:08,38,200,3368,,0,
311,17:04:08,37,200,3146,,0,
312,17:04:08,45,200,3328,,0,
313,17:04:09,36,200,3134,,0,
314,17:04:09,39,200,3343,,0,
315,17:04:09,50,200,3168,,0,
316,17:04:09,50,200,3322,,0,
317,17:04:09,40,200,3158,,0,
318,17:04:09,46,200,3354,,0,
319,17:04:09,40,200,3139,,0,
320,17:04:18,37,200,3368,OK,8867,
321,17:04:18,31,200,3105,,0,
322,17:04:18,44,200,3353,,0,
323,17:04:18,40,200,3108,,0,
324,17:04:18,40,200,3329,,0,
325,17:04:18,40,200,3107,,0,
326,17:04:18,40,200,3291,,0,
327,17:04:18,35,200,3010,,0,
328,17:04:18,45,200,3272,,0,
329,17:04:18,41,200,3005,,0,
330,17:04:18,37,200,3261,,0,
331,17:04:18,44,200,3010,,0,
332,17:04:18,41,200,3247,,0,
333,17:04:18,34,200,3038,,0,
334,17:04:18,38,200,3139,,0,
335,17:04:18,44,200,2957,,0,
336,17:04:18,38,200,3179,,0,
337,17:04:18,38,200,2998,,0,
338,17:04:18,50,200,3242,,0,
339,17:04:18,43,200,3027,,0,
340,17:04:18,35,200,3157,,0,
341,17:04:19,47,200,2991,,0,
342,17:04:19,39,200,3144,,0,
343,17:04:19,38,200,3032,,0,
344,17:04:19,46,200,3219,,0,
345,17:04:19,38,200,2978,,0,
346,17:04:19,38,200,3123,,0,
347,17:04:19,42,200,2884,,0,
348,17:04:19,43,200,3108,,0,
349,17:04:19,47,200,2960,,0,
350,17:04:19,33,200,3108,,0,
351,17:04:19,50,200,2988,,0,
352,17:04:19,40,200,3131,,0,
353,17:04:19,37,200,2994,,0,
354,17:04:19,50,200,3135,,0,
355,17:04:19,52,200,3046,,0,
356,17:04:19,41,200,3175,,0,
357,17:04:19,46,200,2986,,0,
358,17:04:19,40,200,3226,,0,
359,17:04:19,39,200,3058,,0,
360,17:04:28,51,200,3227,OK,8942,
361,17:04:28,33,200,3041,,0,
362,17:04:28,46,200,3229,,0,
363,17:04:28,35,200,3028,,0,
364,17:04:28,39,200,3246,,0,
365,17:04:28,52,200,2999,,0,
366,17:04:29,38,200,3328,,0,
367,17:04:29,39,200,3106,,0,
368,17:04:29,46,200,3275,,0,
369,17:04:29,40,200,3054,,0,
370,17:04:29,40,200,3242,,0,
371,17:04:29,48,200,2984,,0,
372,17:04:29,39,200,3247,,0,
373,17:04:29,37,200,3088,,0,
374,17:04:29,44,200,3325,,0,
375,17:04:29,39,200,3051,,0,
376,17:04:29,40,200,3249,,0,
377,17:04:29,38,200,3081,,0,
378,17:04:29,57,200,3263,,0,
379,17:04:29,41,200,3065,,0,
380,17:04:29,33,200,3202,,0,
381,17:04:29,44,200,3036,,0,
382,17:04:29,39,200,3191,,0,
383,17:04:29,38,200,3078,,0,
384,17:04:29,50,200,3225,,0,
385,17:04:29,35,200,3047,,0,
386,17:04:29,38,200,3196,,0,
387,17:04:29,44,200,3078,,0,
388,17:04:29,42,200,3217,,0,
389,17:04:29,40,200,3021,,0,
390,17:04:30,37,200,3247,,0,
391,17:04:30,46,200,3044,,0,
392,17:04:30,44,200,3227,,0,
393,17:04:30,33,200,3059,,0,
394,17:04:30,50,200,3219,,0,
395,17:04:30,42,200,3010,,0,
396,17:04:30,38,200,3204,,0,
397,17:04:30,48,200,3031,,0,
398,17:04:30,40,200,3169,,0,
399,17:04:30,37,200,3022,,0,
400,17:04:39,49,200,3151,OK,8938,
401,17:04:39,32,200,3280,,0,
402,17:04:39,48,200,3227,,0,
403,17:04:39,36,200,3124,,0,
404,17:04:39,40,200,3270,,0,
405,17:04:39,46,200,3143,,0,
406,17:04:39,42,200,3344,,0,
407,17:04:39,34,200,3185,,0,
408,17:04:39,43,200,3342,,0,
409,17:04:39,39,200,3177,,0,
410,17:04:39,37,200,3368,,0,
411,17:04:39,39,200,3146,,0,
412,17:04:39,44,200,3328,,0,
413,17:04:39,38,200,3134,,0,
414,17:04:39,40,200,3343,,0,
415,17:04:39,51,200,3168,,0,
416,17:04:40,36,200,3322,,0,
417,17:04:40,39,200,3158,,0,
418,17:04:40,47,200,3354,,0,
419,17:04:40,37,200,3139,,0,
420,17:04:40,41,200,3368,,0,
421,17:04:40,43,200,3105,,0,
422,17:04:40,38,200,3353,,0,
423,17:04:40,39,200,3108,,0,
424,17:04:40,39,200,3329,,0,
425,17:04:40,42,200,3107,,0,
426,17:04:40,39,200,3291,,0,
427,17:04:40,42,200,3010,,0,
428,17:04:40,47,200,3272,,0,
429,17:04:40,38,200,3005,,0,
430,17:04:40,41,200,3261,,0,
431,17:04:40,48,200,3010,,0,
432,17:04:40,38,200,3247,,0,
433,17:04:40,39,200,3038,,0,
434,17:04:40,43,200,3139,,0,
435,17:04:40,53,200,2957,,0,
436,17:04:40,41,200,3179,,0,
437,17:04:40,39,200,2998,,0,
438,17:04:40,44,200,3242,,0,
439,17:04:40,37,200,3027,,0,
440,17:04:49,39,200,3157,OK,8963,
441,17:04:50,34,200,2991,,0,
442,17:04:50,49,200,3144,,0,
443,17:04:50,40,200,3032,,0,
444,17:04:50,41,200,3219,,0,
445,17:04:50,46,200,2978,,0,
446,17:04:50,40,200,3123,,0,
447,17:04:50,42,200,2884,,0,
448,17:04:50,47,200,3108,,0,
449,17:04:50,36,200,2960,,0,
450,17:04:50,40,200,3108,,0,
451,17:04:50,45,200,2988,,0,
452,17:04:50,40,200,3131,,0,
453,17:04:50,34,200,2994,,0,
454,17:04:50,43,200,3135,,0,
455,17:04:50,43,200,3046,,0,
456,17:04:50,40,200,3175,,0,
457,17:04:50,40,200,2986,,0,
458,17:04:50,45,200,3226,,0,
459,17:04:50,39,200,3058,,0,
460,17:04:50,39,200,3227,,0,
461,17:04:50,46,200,3041,,0,
462,17:04:50,41,200,3229,,0,
463,17:04:50,37,200,3028,,0,
464,17:04:50,46,200,3246,,0,
465,17:04:51,37,200,2999,,0,
466,17:04:51,41,200,3328,,0,
467,17:04:51,38,200,3106,,0,
468,17:04:51,42,200,3275,,0,
469,17:04:51,40,200,3054,,0,
470,17:04:51,37,200,3242,,0,
471,17:04:51,51,200,2984,,0,
472,17:04:51,39,200,3247,,0,
473,17:04:51,40,200,3088,,0,
474,17:04:51,44,200,3325,,0,
475,17:04:51,50,200,3051,,0,
476,17:04:51,45,200,3249,,0,
477,17:04:51,46,200,3081,,0,
478,17:04:51,37,200,3263,,0,
479,17:04:51,40,200,3065,,0,
480,17:05:00,45,200,3202,OK,8933,
481,17:05:00,34,200,3036,,0,
482,17:05:00,50,200,3191,,0,
483,17:05:00,43,200,3078,,0,
484,17:05:00,36,200,3225,,0,
485,17:05:00,46,200,3047,,0,
486,17:05:00,39,200,3196,,0,
487,17:05:00,36,200,3078,,0,
488,17:05:00,39,200,3217,,0,
489,17:05:00,45,200,3021,,0,
490,17:05:01,39,200,3247,,0,
491,17:05:01,39,200,3044,,0,
492,17:05:01,46,200,3227,,0,
493,17:05:01,40,200,3059,,0,
494,17:05:01,40,200,3219,,0,
495,17:05:01,48,200,3010,,0,
496,17:05:01,41,200,3204,,0,
497,17:05:01,36,200,3031,,0,
498,17:05:01,52,200,3169,,0,
499,17:05:01,34,200,3022,,0,
500,17:05:01,38,200,3151,,0,
