frame,set,mode,thumbs,wallclock,cycle_ms,post_ms,post_http,notify_http,notify_ms,polls,fetch_ms,fetch_http,fetch_bytes,iso,iso_ms,reconn,file,medY,meanY,note
1,1,a,0,15:08:50,8873,81,200,200,859,4,0,0,0,1250,13,0,IMG_0001.CR3,-1.00000,-1.00000,
2,1,a,1,15:09:03,9119,77,200,200,949,4,94,200,3280,1600,43,0,IMG_0002.CR3,0.00045,0.00167,
3,1,a,2,15:09:16,8971,118,200,200,888,3,38,200,3227,1250,43,0,IMG_0003.CR3,0.00046,0.00169,
4,1,a,3,15:09:29,9012,142,200,200,930,3,44,200,3124,1600,37,0,IMG_0004.CR3,0.00047,0.00242,
5,1,a,4,15:09:42,9037,143,200,200,950,3,53,200,3270,1250,33,0,IMG_0005.CR3,0.00046,0.00181,
6,1,a,5,15:09:55,8987,110,200,200,904,3,36,200,3143,1600,46,0,IMG_0006.CR3,0.00047,0.00268,
7,1,a,6,15:10:08,9009,144,200,200,927,3,43,200,3344,1250,38,0,IMG_0007.CR3,0.00045,0.00202,
8,1,a,7,15:10:21,9013,146,200,200,931,3,39,200,3185,1600,42,0,IMG_0008.CR3,0.00047,0.00300,
9,1,a,8,15:10:34,9046,141,200,200,956,4,56,200,3342,1250,33,0,IMG_0009.CR3,0.00046,0.00228,
10,1,a,9,15:10:47,8978,108,200,200,898,3,39,200,3177,1600,39,0,IMG_0010.CR3,0.00047,0.00335,
11,1,a,10,15:11:00,9023,144,200,200,941,3,46,200,3368,1250,36,0,IMG_0011.CR3,0.00045,0.00243,
12,1,a,11,15:11:13,9003,132,200,200,916,3,39,200,3146,1600,47,0,IMG_0012.CR3,0.00048,0.00368,
13,1,a,12,15:11:26,9039,136,200,200,952,3,54,200,3328,1250,33,0,IMG_0013.CR3,0.00046,0.00279,
14,1,a,13,15:11:39,8979,113,200,200,892,3,40,200,3134,1600,44,0,IMG_0014.CR3,0.00048,0.00416,
15,1,a,14,15:11:52,9040,147,200,200,952,4,51,200,3343,1250,36,0,IMG_0015.CR3,0.00046,0.00291,
16,1,a,15,15:12:05,8990,118,200,200,910,4,39,200,3168,1600,41,0,IMG_0016.CR3,0.00048,0.00416,
17,1,a,16,15:12:18,9033,139,200,200,948,3,51,200,3322,1250,33,0,IMG_0017.CR3,0.00046,0.00308,
18,1,a,17,15:12:31,8981,115,200,200,898,3,45,200,3158,1600,37,0,IMG_0018.CR3,0.00048,0.00481,
19,1,a,18,15:12:44,9020,160,200,200,938,3,41,200,3354,1250,38,0,IMG_0019.CR3,0.00047,0.00361,
20,1,a,19,15:12:57,9020,143,200,200,936,3,41,200,3139,1600,41,0,IMG_0020.CR3,0.00048,0.00539,
21,1,a,20,15:13:10,9030,138,200,200,942,3,55,200,3368,1250,31,0,IMG_0021.CR3,0.00046,0.00383,
22,1,a,21,15:13:23,8976,110,200,200,894,3,42,200,3105,1600,38,0,IMG_0022.CR3,0.00048,0.00551,
23,1,a,22,15:13:36,9042,159,200,200,954,3,47,200,3353,1250,39,0,IMG_0023.CR3,0.00046,0.00380,
24,1,a,23,15:13:49,8982,117,200,200,905,4,35,200,3108,1600,41,0,IMG_0024.CR3,0.00048,0.00536,
25,1,a,24,15:14:02,9024,154,200,200,943,3,36,200,3329,1250,43,0,IMG_0025.CR3,0.00046,0.00379,
26,1,a,25,15:14:15,9000,144,200,200,923,3,35,200,3107,1600,39,0,IMG_0026.CR3,0.00048,0.00547,
27,1,a,26,15:14:28,9043,154,200,200,958,3,50,200,3291,1250,35,0,IMG_0027.CR3,0.00047,0.00371,
28,1,a,27,15:14:41,8969,125,200,200,896,3,35,200,3010,1600,37,0,IMG_0028.CR3,0.00048,0.00474,
29,1,a,28,15:14:54,9035,167,200,200,958,4,34,200,3272,1250,43,0,IMG_0029.CR3,0.00047,0.00303,
30,1,a,29,15:15:07,9034,147,200,200,951,3,48,200,3005,1600,35,0,IMG_0030.CR3,0.00048,0.00394,
31,1,a,30,15:15:20,9001,117,200,200,917,3,36,200,3261,1250,47,0,IMG_0031.CR3,0.00046,0.00252,
32,1,a,31,15:15:33,8991,127,200,200,907,4,38,200,3010,1600,45,0,IMG_0032.CR3,0.00048,0.00332,
33,1,a,32,15:15:46,9022,150,200,200,943,3,37,200,3247,1250,40,0,IMG_0033.CR3,0.00046,0.00221,
34,1,a,33,15:15:59,9014,141,200,200,929,3,35,200,3038,1600,49,0,IMG_0034.CR3,0.00048,0.00294,
35,1,a,34,15:16:12,9035,147,200,200,949,3,48,200,3139,1250,36,0,IMG_0035.CR3,0.00047,0.00207,
36,1,a,35,15:16:25,8978,117,200,200,902,3,37,200,2957,1600,38,0,IMG_0036.CR3,0.00048,0.00286,
37,1,a,36,15:16:38,9028,157,200,200,949,3,34,200,3179,1250,44,0,IMG_0037.CR3,0.00047,0.00204,
38,1,a,37,15:16:51,9009,138,200,200,922,3,37,200,2998,1600,49,0,IMG_0038.CR3,0.00048,0.00280,
39,1,a,38,15:17:04,9026,137,200,200,944,3,42,200,3242,1250,38,0,IMG_0039.CR3,0.00046,0.00201,
40,1,a,39,15:17:17,8990,131,200,200,910,4,35,200,3027,1600,43,0,IMG_0040.CR3,0.00048,0.00287,
41,1,a,40,15:17:30,9035,151,200,200,955,3,41,200,3157,1250,36,0,IMG_0041.CR3,0.00046,0.00216,
42,1,a,41,15:17:43,8985,122,200,200,902,3,37,200,2991,1600,45,0,IMG_0042.CR3,0.00048,0.00303,
43,1,a,42,15:17:56,9032,159,200,200,954,4,35,200,3144,1250,41,0,IMG_0043.CR3,0.00047,0.00200,
44,1,a,43,15:18:09,9006,129,200,200,926,3,37,200,3032,1600,43,0,IMG_0044.CR3,0.00048,0.00258,
45,1,a,44,15:18:22,9013,135,200,200,934,3,41,200,3219,1250,36,0,IMG_0045.CR3,0.00047,0.00177,
46,1,a,45,15:18:35,8999,134,200,200,918,3,37,200,2978,1600,41,0,IMG_0046.CR3,0.00048,0.00234,
47,1,a,46,15:18:48,9025,148,200,200,945,3,36,200,3123,1250,42,0,IMG_0047.CR3,0.00047,0.00168,
48,1,a,47,15:19:01,9011,138,200,200,928,3,37,200,2884,1600,45,0,IMG_0048.CR3,0.00048,0.00226,
49,1,a,48,15:19:14,9033,147,200,200,948,3,47,200,3108,1250,37,0,IMG_0049.CR3,0.00047,0.00163,
50,1,a,49,15:19:27,8977,115,200,200,898,3,36,200,2960,1600,41,0,IMG_0050.CR3,0.00048,0.00219,
51,1,a,50,15:19:40,9027,155,200,200,946,3,36,200,3108,1250,44,0,IMG_0051.CR3,0.00047,0.00162,
52,1,a,51,15:19:53,8988,138,200,200,916,3,35,200,2988,1600,36,0,IMG_0052.CR3,0.00048,0.00229,
53,1,a,52,15:20:06,9050,165,200,200,968,3,43,200,3131,1250,37,0,IMG_0053.CR3,0.00047,0.00173,
54,1,a,53,15:20:19,9016,130,200,200,933,3,41,200,2994,1600,38,0,IMG_0054.CR3,0.00048,0.00246,
55,1,a,54,15:20:32,8995,118,200,200,917,3,38,200,3135,1250,40,0,IMG_0055.CR3,0.00047,0.00185,
56,1,a,55,15:20:45,8999,135,200,200,909,3,44,200,3046,1600,45,0,IMG_0056.CR3,0.00048,0.00268,
57,1,a,56,15:20:58,9042,148,200,200,961,4,42,200,3175,1250,39,0,IMG_0057.CR3,0.00047,0.00201,
58,1,a,57,15:21:11,9002,119,200,200,916,3,39,200,2986,1600,43,0,IMG_0058.CR3,0.00048,0.00295,
59,1,a,58,15:21:24,9018,128,200,200,939,3,42,200,3226,1250,37,0,IMG_0059.CR3,0.00047,0.00225,
60,1,a,59,15:21:37,8985,132,200,200,905,3,37,200,3058,1600,40,0,IMG_0060.CR3,0.00048,0.00333,
61,1,a,60,15:21:50,9048,156,200,200,960,3,51,200,3227,1250,35,0,IMG_0061.CR3,0.00047,0.00241,
62,1,a,61,15:22:03,8980,125,200,200,904,3,36,200,3041,1600,39,0,IMG_0062.CR3,0.00048,0.00343,
63,1,a,62,15:22:16,9032,157,200,200,950,3,37,200,3229,1250,43,0,IMG_0063.CR3,0.00047,0.00252,
64,1,a,63,15:22:29,8994,129,200,200,915,3,37,200,3028,1600,40,0,IMG_0064.CR3,0.00048,0.00374,
65,1,a,64,15:22:42,9051,155,200,200,966,3,47,200,3246,1250,36,0,IMG_0065.CR3,0.00047,0.00277,
66,1,a,65,15:22:55,8972,109,200,200,894,3,38,200,2999,1600,39,0,IMG_0066.CR3,0.00048,0.00424,
67,1,a,66,15:23:08,9031,156,200,200,948,3,40,200,3328,1250,41,0,IMG_0067.CR3,0.00047,0.00319,
68,1,a,67,15:23:22,9014,129,200,200,936,3,42,200,3106,1600,34,0,IMG_0068.CR3,0.00048,0.00468,
69,1,a,68,15:23:35,9015,126,200,200,935,3,43,200,3275,1250,35,0,IMG_0069.CR3,0.00047,0.00322,
70,1,a,69,15:23:48,8978,124,200,200,903,4,38,200,3054,1600,34,0,IMG_0070.CR3,0.00048,0.00435,
71,1,a,70,15:24:01,9076,165,200,200,987,4,50,200,3242,1250,36,0,IMG_0071.CR3,0.00047,0.00296,
72,1,a,71,15:24:14,8970,96,200,200,892,3,38,200,2984,1600,39,0,IMG_0072.CR3,0.00048,0.00432,
73,1,a,72,15:24:27,9012,149,200,200,935,3,36,200,3247,1250,41,0,IMG_0073.CR3,0.00047,0.00309,
74,1,a,73,15:24:40,9004,142,200,200,924,3,35,200,3088,1600,43,0,IMG_0074.CR3,0.00048,0.00453,
75,1,a,74,15:24:53,9049,154,200,200,960,3,47,200,3325,1250,41,0,IMG_0075.CR3,0.00046,0.00310,
76,1,a,75,15:25:06,9000,111,200,200,916,3,41,200,3051,1600,42,0,IMG_0076.CR3,0.00048,0.00402,
77,1,a,76,15:25:19,9000,128,200,200,921,3,34,200,3249,1250,44,0,IMG_0077.CR3,0.00047,0.00254,
78,1,a,77,15:25:32,9019,136,200,200,936,4,35,200,3081,1600,47,0,IMG_0078.CR3,0.00048,0.00342,
79,1,a,78,15:25:45,9024,127,200,200,942,3,51,200,3263,1250,30,0,IMG_0079.CR3,0.00047,0.00238,
80,1,a,79,15:25:58,8981,115,200,200,902,3,35,200,3065,1600,43,0,IMG_0080.CR3,0.00048,0.00336,
81,1,a,80,15:26:11,9061,152,200,200,970,3,55,200,3202,1250,35,0,IMG_0081.CR3,0.00047,0.00247,
82,1,a,81,15:26:24,8973,98,200,200,886,3,39,200,3036,1600,48,0,IMG_0082.CR3,0.00048,0.00349,
83,1,a,82,15:26:37,9023,147,200,200,945,3,41,200,3191,1250,35,0,IMG_0083.CR3,0.00047,0.00246,
84,1,a,83,15:26:50,8996,127,200,200,911,3,38,200,3078,1600,46,0,IMG_0084.CR3,0.00048,0.00336,
85,1,a,84,15:27:03,9021,151,200,200,942,4,37,200,3225,1250,40,0,IMG_0085.CR3,0.00047,0.00245,
86,1,a,85,15:27:16,9012,138,200,200,932,4,36,200,3047,1600,43,0,IMG_0086.CR3,0.00048,0.00359,
87,1,a,86,15:27:29,9038,139,200,200,950,3,51,200,3196,1250,36,0,IMG_0087.CR3,0.00047,0.00261,
88,1,a,87,15:27:42,8974,109,200,200,892,3,38,200,3078,1600,44,0,IMG_0088.CR3,0.00048,0.00367,
89,1,a,88,15:27:55,9029,158,200,200,947,3,36,200,3217,1250,42,0,IMG_0089.CR3,0.00047,0.00255,
90,1,a,89,15:28:08,9012,139,200,200,931,3,37,200,3021,1600,43,0,IMG_0090.CR3,0.00048,0.00355,
91,1,a,90,15:28:21,9014,140,200,200,934,3,35,200,3247,1250,44,0,IMG_0091.CR3,0.00047,0.00253,
92,1,a,91,15:28:34,9003,129,200,200,919,3,37,200,3044,1600,46,0,IMG_0092.CR3,0.00048,0.00362,
93,1,a,92,15:28:47,9023,146,200,200,945,3,42,200,3227,1250,35,0,IMG_0093.CR3,0.00047,0.00263,
94,1,a,93,15:29:00,9002,128,200,200,918,4,38,200,3059,1600,45,0,IMG_0094.CR3,0.00048,0.00374,
95,1,a,94,15:29:13,9014,144,200,200,934,3,37,200,3219,1250,41,0,IMG_0095.CR3,0.00047,0.00272,
96,1,a,95,15:29:26,9010,144,200,200,927,3,40,200,3010,1600,42,0,IMG_0096.CR3,0.00048,0.00381,
97,1,a,96,15:29:39,9033,142,200,200,948,3,43,200,3204,1250,40,0,IMG_0097.CR3,0.00047,0.00263,
98,1,a,97,15:29:52,8982,118,200,200,900,3,37,200,3031,1600,44,0,IMG_0098.CR3,0.00048,0.00360,
99,1,a,98,15:30:05,9030,159,200,200,949,4,38,200,3169,1250,42,0,IMG_0099.CR3,0.00047,0.00248,
100,1,a,99,15:30:18,9014,136,200,200,932,3,37,200,3022,1600,43,0,IMG_0100.CR3,0.00048,0.00331,
101,1,a,100,15:30:31,9022,138,200,200,941,3,44,200,3151,1250,34,0,IMG_0101.CR3,0.00047,0.00225,
102,1,a,101,15:30:44,8985,119,200,200,906,4,35,200,3025,1600,43,0,IMG_0102.CR3,0.00048,0.00300,
103,1,a,102,15:30:57,9023,156,200,200,944,3,38,200,3179,1250,40,0,IMG_0103.CR3,0.00047,0.00204,
104,1,a,103,15:31:10,9000,146,200,200,923,3,36,200,3044,1600,39,0,IMG_0104.CR3,0.00048,0.00267,
105,1,a,104,15:31:23,9046,155,200,200,964,3,46,200,3164,1250,35,0,IMG_0105.CR3,0.00047,0.00181,
106,1,a,105,15:31:36,8991,125,200,200,912,3,37,200,2983,1600,40,0,IMG_0106.CR3,0.00048,0.00235,
107,1,a,106,15:31:49,9025,141,200,200,946,3,41,200,3043,1250,37,0,IMG_0107.CR3,0.00047,0.00163,
108,1,a,107,15:32:02,8987,125,200,200,907,3,36,200,3029,1600,43,0,IMG_0108.CR3,0.00048,0.00213,
109,1,a,108,15:32:15,9044,167,200,200,960,3,45,200,3102,1250,38,0,IMG_0109.CR3,0.00047,0.00152,
110,1,a,109,15:32:28,8991,117,200,200,908,3,36,200,3015,1600,45,0,IMG_0110.CR3,0.00048,0.00203,
111,1,a,110,15:32:41,9024,141,200,200,942,3,44,200,3091,1250,35,0,IMG_0111.CR3,0.00047,0.00147,
112,1,a,111,15:32:54,8993,129,200,200,912,3,37,200,2925,1600,44,0,IMG_0112.CR3,0.00048,0.00194,
113,1,a,112,15:33:07,9025,144,200,200,946,4,36,200,3063,1250,41,0,IMG_0113.CR3,0.00047,0.00140,
114,1,a,113,15:33:20,9029,142,200,200,945,3,43,200,3032,1600,40,0,IMG_0114.CR3,0.00047,0.00181,
115,1,a,114,15:33:33,9017,119,200,200,926,3,54,200,3098,1250,35,0,IMG_0115.CR3,0.00047,0.00130,
116,1,a,115,15:33:46,8978,119,200,200,896,3,39,200,2927,1600,40,0,IMG_0116.CR3,0.00048,0.00169,
117,1,a,116,15:33:59,9025,156,200,200,940,3,36,200,3060,1250,48,0,IMG_0117.CR3,0.00047,0.00129,
118,1,a,117,15:34:12,9009,144,200,200,929,3,37,200,2923,1600,42,0,IMG_0118.CR3,0.00048,0.00163,
119,1,a,118,15:34:25,9024,149,200,200,947,3,41,200,3045,1250,34,0,IMG_0119.CR3,0.00047,0.00121,
120,1,a,119,15:34:38,9001,136,200,200,919,3,40,200,2933,1600,39,0,IMG_0120.CR3,0.00047,0.00155,
121,1,a,120,15:34:51,9025,146,200,200,940,3,36,200,2963,1250,48,0,IMG_0121.CR3,0.00047,0.00118,
122,1,a,121,15:35:04,8979,127,200,200,906,3,35,200,2990,1600,37,0,IMG_0122.CR3,0.00048,0.00153,
123,1,a,122,15:35:17,9043,170,200,200,963,3,45,200,3021,1250,34,0,IMG_0123.CR3,0.00047,0.00117,
124,1,a,123,15:35:30,9003,137,200,200,921,4,37,200,2993,1600,44,0,IMG_0124.CR3,0.00048,0.00152,
125,1,a,124,15:35:43,9013,137,200,200,933,3,38,200,3072,1250,42,0,IMG_0125.CR3,0.00047,0.00117,
126,1,a,125,15:35:56,8981,117,200,200,899,3,34,200,2948,1600,45,0,IMG_0126.CR3,0.00048,0.00154,
127,1,a,126,15:36:09,9053,155,200,200,966,3,55,200,3014,1250,30,0,IMG_0127.CR3,0.00047,0.00117,
128,1,a,127,15:36:22,8988,108,200,200,908,3,36,200,2968,1600,43,0,IMG_0128.CR3,0.00048,0.00150,
129,1,a,128,15:36:35,9008,142,200,200,927,3,37,200,3053,1250,43,0,IMG_0129.CR3,0.00047,0.00116,
130,1,a,129,15:36:48,9005,141,200,200,921,3,38,200,3024,1600,45,0,IMG_0130.CR3,0.00048,0.00147,
131,1,a,130,15:37:01,9039,152,200,200,956,3,44,200,3026,1250,37,0,IMG_0131.CR3,0.00047,0.00112,
132,1,a,131,15:37:14,8996,119,200,200,914,4,36,200,3015,1600,46,0,IMG_0132.CR3,0.00048,0.00144,
133,1,a,132,15:37:27,9045,135,200,200,961,4,49,200,3037,1250,35,0,IMG_0133.CR3,0.00047,0.00110,
134,1,a,133,15:37:40,8967,107,200,200,888,3,39,200,3017,1600,39,0,IMG_0134.CR3,0.00048,0.00143,
135,1,a,134,15:37:53,9023,157,200,200,941,3,37,200,3063,1250,44,0,IMG_0135.CR3,0.00047,0.00109,
136,1,a,135,15:38:06,9013,147,200,200,933,3,39,200,3023,1600,40,0,IMG_0136.CR3,0.00047,0.00141,
137,1,a,136,15:38:19,9027,142,200,200,947,3,41,200,3048,1250,38,0,IMG_0137.CR3,0.00047,0.00108,
138,1,a,137,15:38:32,9008,123,200,200,924,3,45,200,2923,1600,38,0,IMG_0138.CR3,0.00048,0.00140,
139,1,a,138,15:38:45,9023,127,200,200,941,3,48,200,3005,1250,33,0,IMG_0139.CR3,0.00047,0.00108,
140,1,a,139,15:38:58,8989,115,200,200,910,4,38,200,2967,1600,40,0,IMG_0140.CR3,0.00048,0.00143,
141,1,a,140,15:39:11,9032,140,200,200,948,3,42,200,3048,1250,40,0,IMG_0141.CR3,0.00047,0.00110,
142,1,a,141,15:39:24,9001,119,200,200,923,3,36,200,2994,1600,41,0,IMG_0142.CR3,0.00048,0.00144,
143,1,a,142,15:39:37,9000,141,200,200,923,3,34,200,3026,1250,41,0,IMG_0143.CR3,0.00047,0.00114,
144,1,a,143,15:39:50,9007,150,200,200,929,3,37,200,2978,1600,41,0,IMG_0144.CR3,0.00048,0.00152,
145,1,a,144,15:40:03,9043,158,200,200,961,3,42,200,3081,1250,39,0,IMG_0145.CR3,0.00047,0.00116,
146,1,a,145,15:40:16,8998,127,200,200,917,3,37,200,2985,1600,44,0,IMG_0146.CR3,0.00047,0.00151,
147,1,a,146,15:40:30,9026,139,200,200,942,4,42,200,3055,1250,42,0,IMG_0147.CR3,0.00047,0.00117,
148,1,a,147,15:40:43,8984,118,200,200,905,3,37,200,2980,1600,38,0,IMG_0148.CR3,0.00047,0.00156,
149,1,a,148,15:40:56,9034,157,200,200,952,3,43,200,3096,1250,37,0,IMG_0149.CR3,0.00047,0.00120,
150,1,a,149,15:41:09,8988,126,200,200,908,3,36,200,3007,1600,44,0,IMG_0150.CR3,0.00048,0.00162,
151,1,a,150,15:41:22,9028,155,200,200,948,3,36,200,3055,1250,43,0,IMG_0151.CR3,0.00047,0.00123,
152,1,a,151,15:41:35,9009,137,200,200,925,3,35,200,3011,1600,48,0,IMG_0152.CR3,0.00047,0.00165,
153,1,a,152,15:41:48,9011,137,200,200,930,4,38,200,3080,1250,42,0,IMG_0153.CR3,0.00047,0.00126,
154,1,a,153,15:42:01,8991,142,200,200,913,3,38,200,3001,1600,39,0,IMG_0154.CR3,0.00048,0.00171,
155,1,a,154,15:42:14,9054,168,200,200,970,3,45,200,3023,1250,38,0,IMG_0155.CR3,0.00047,0.00133,
156,1,a,155,15:42:27,8999,127,200,200,918,3,37,200,2985,1600,43,0,IMG_0156.CR3,0.00048,0.00181,
157,1,a,156,15:42:40,9008,132,200,200,926,3,39,200,3123,1250,43,0,IMG_0157.CR3,0.00047,0.00142,
158,1,a,157,15:42:53,9013,136,200,200,932,3,38,200,3104,1600,41,0,IMG_0158.CR3,0.00047,0.00202,
159,1,a,158,15:43:06,9036,134,200,200,950,3,50,200,3126,1250,34,0,IMG_0159.CR3,0.00047,0.00158,
160,1,a,159,15:43:19,8997,111,200,200,918,3,41,200,3039,1600,37,0,IMG_0160.CR3,0.00048,0.00219,
161,1,a,160,15:43:32,9012,127,200,200,930,3,44,200,3133,1250,38,0,IMG_0161.CR3,0.00047,0.00165,
162,1,a,161,15:43:45,9003,129,200,200,918,4,35,200,3062,1600,49,0,IMG_0162.CR3,0.00048,0.00233,
163,1,a,162,15:43:58,9032,134,200,200,950,3,46,200,3166,1250,34,0,IMG_0163.CR3,0.00047,0.00177,
164,1,a,163,15:44:11,8980,118,200,200,902,3,37,200,3005,1600,40,0,IMG_0164.CR3,0.00048,0.00263,
165,1,a,164,15:44:24,9034,156,200,200,950,3,45,200,3149,1250,38,0,IMG_0165.CR3,0.00047,0.00170,
166,1,a,165,15:44:37,9004,135,200,200,921,3,38,200,2995,1600,43,0,IMG_0166.CR3,0.00048,0.00207,
167,1,a,166,15:44:50,9007,142,200,200,933,4,34,200,3117,1250,40,0,IMG_0167.CR3,0.00047,0.00144,
168,1,a,167,15:45:03,9014,147,200,200,933,3,36,200,3052,1600,44,0,IMG_0168.CR3,0.00048,0.00192,
169,1,a,168,15:45:16,9041,137,200,200,955,3,49,200,3086,1250,36,0,IMG_0169.CR3,0.00047,0.00144,
170,1,a,169,15:45:29,8985,112,200,200,906,4,36,200,3089,1600,42,0,IMG_0170.CR3,0.00048,0.00195,
171,1,a,170,15:45:42,9014,137,200,200,934,3,40,200,3135,1250,39,0,IMG_0171.CR3,0.00047,0.00143,
172,1,a,171,15:45:55,9009,133,200,200,931,3,37,200,3002,1600,40,0,IMG_0172.CR3,0.00048,0.00190,
173,1,a,172,15:46:08,9032,136,200,200,947,3,43,200,3051,1250,42,0,IMG_0173.CR3,0.00047,0.00143,
174,1,a,173,15:46:21,9013,125,200,200,926,3,47,200,2994,1600,40,0,IMG_0174.CR3,0.00048,0.00202,
175,1,a,174,15:46:34,8994,119,200,200,915,3,38,200,3167,1250,40,0,IMG_0175.CR3,0.00047,0.00160,
176,1,a,175,15:46:47,9014,133,200,200,931,3,40,200,3015,1600,43,0,IMG_0176.CR3,0.00048,0.00229,
177,1,a,176,15:47:00,9029,132,200,200,940,3,48,200,3212,1250,37,0,IMG_0177.CR3,0.00046,0.00166,
178,1,a,177,15:47:13,8999,115,200,200,915,4,37,200,3007,1600,46,0,IMG_0178.CR3,0.00048,0.00233,
179,1,a,178,15:47:26,9016,128,200,200,938,3,41,200,3198,1250,36,0,IMG_0179.CR3,0.00046,0.00172,
180,1,a,179,15:47:39,8989,133,200,200,912,3,38,200,3077,1600,38,0,IMG_0180.CR3,0.00048,0.00240,
181,1,a,180,15:47:52,9047,151,200,200,959,4,52,200,3130,1250,35,0,IMG_0181.CR3,0.00047,0.00174,
182,1,a,181,15:48:05,8979,121,200,200,899,3,35,200,2995,1600,44,0,IMG_0182.CR3,0.00048,0.00239,
183,1,a,182,15:48:18,9028,157,200,200,949,3,36,200,3122,1250,41,0,IMG_0183.CR3,0.00047,0.00168,
184,1,a,183,15:48:31,9008,135,200,200,926,3,40,200,3109,1600,40,0,IMG_0184.CR3,0.00048,0.00223,
185,1,a,184,15:48:44,9011,144,200,200,926,3,41,200,3144,1250,43,0,IMG_0185.CR3,0.00046,0.00159,
186,1,a,185,15:48:57,8999,150,200,200,919,4,37,200,3030,1600,40,0,IMG_0186.CR3,0.00048,0.00212,
187,1,a,186,15:49:10,9050,159,200,200,961,3,52,200,3119,1250,35,0,IMG_0187.CR3,0.00047,0.00156,
188,1,a,187,15:49:23,8987,121,200,200,904,3,38,200,3039,1600,45,0,IMG_0188.CR3,0.00048,0.00215,
189,1,a,188,15:49:36,9016,149,200,200,927,3,37,200,3149,1250,50,0,IMG_0189.CR3,0.00046,0.00164,
190,1,a,189,15:49:49,9021,146,200,200,940,3,44,200,3021,1600,33,0,IMG_0190.CR3,0.00048,0.00235,
191,1,a,190,15:50:02,9013,126,200,200,935,3,40,200,3166,1250,37,0,IMG_0191.CR3,0.00046,0.00179,
192,1,a,191,15:50:15,8991,125,200,200,907,3,39,200,3003,1600,43,0,IMG_0192.CR3,0.00048,0.00258,
193,1,a,192,15:50:28,9021,147,200,200,942,3,37,200,3132,1250,40,0,IMG_0193.CR3,0.00047,0.00193,
194,1,a,193,15:50:41,9017,142,200,200,935,3,40,200,3086,1600,41,0,IMG_0194.CR3,0.00048,0.00284,
195,1,a,194,15:50:54,9030,133,200,200,948,4,47,200,3139,1250,33,0,IMG_0195.CR3,0.00047,0.00211,
196,1,a,195,15:51:07,8990,121,200,200,906,3,37,200,3039,1600,46,0,IMG_0196.CR3,0.00048,0.00303,
197,1,a,196,15:51:20,9015,149,200,200,933,3,42,200,3190,1250,40,0,IMG_0197.CR3,0.00047,0.00217,
198,1,a,197,15:51:33,9020,135,200,200,939,3,43,200,3017,1600,37,0,IMG_0198.CR3,0.00048,0.00314,
199,1,a,198,15:51:46,9034,127,200,200,947,3,53,200,3161,1250,32,0,IMG_0199.CR3,0.00047,0.00230,
200,1,a,199,15:51:59,8978,107,200,200,895,3,39,200,3043,1600,42,0,IMG_0200.CR3,0.00048,0.00346,
201,1,b,199,15:52:14,8968,90,200,200,883,3,51,200,84191,1250,31,1,IMG_0201.CR3,0.00201,0.00200,
202,1,b,199,15:52:27,8991,125,200,200,904,3,48,200,84673,1600,36,1,IMG_0202.CR3,0.00201,0.00199,
203,1,b,199,15:52:40,9034,151,200,200,950,3,51,200,85296,1250,30,1,IMG_0203.CR3,0.00204,0.00201,
204,1,b,199,15:52:53,9012,124,200,200,926,3,53,200,84955,1600,29,1,IMG_0204.CR3,0.00203,0.00200,
205,1,b,199,15:53:06,9026,126,200,200,943,3,50,200,83935,1250,29,1,IMG_0205.CR3,0.00198,0.00195,
206,1,b,199,15:53:19,8988,114,200,200,905,3,49,200,84730,1600,30,1,IMG_0206.CR3,0.00200,0.00197,
207,1,b,199,15:53:32,9017,137,200,200,934,3,49,200,84465,1250,30,1,IMG_0207.CR3,0.00200,0.00196,
208,1,b,199,15:53:45,9017,130,200,200,937,3,47,200,84374,1600,31,1,IMG_0208.CR3,0.00200,0.00196,
209,1,b,199,15:53:58,9033,125,200,200,941,4,51,200,85405,1250,34,1,IMG_0209.CR3,0.00203,0.00198,
210,1,b,199,15:54:11,8980,107,200,200,893,3,45,200,84881,1600,37,1,IMG_0210.CR3,0.00202,0.00197,
211,1,b,199,15:54:24,9030,145,200,200,944,3,50,200,84587,1250,32,1,IMG_0211.CR3,0.00199,0.00194,
212,1,b,199,15:54:37,8982,129,200,200,898,3,46,200,84549,1600,35,1,IMG_0212.CR3,0.00201,0.00195,
213,1,b,199,15:54:50,9038,154,200,200,953,3,53,200,84092,1250,29,1,IMG_0213.CR3,0.00198,0.00192,
214,1,b,199,15:55:03,9011,133,200,200,929,3,48,200,84635,1600,31,1,IMG_0214.CR3,0.00201,0.00194,
215,1,b,199,15:55:16,9011,125,200,200,927,3,50,200,83823,1250,30,1,IMG_0215.CR3,0.00198,0.00191,
216,1,b,199,15:55:29,8992,129,200,200,907,4,51,200,84792,1600,32,1,IMG_0216.CR3,0.00201,0.00195,
217,1,b,199,15:55:42,9042,152,200,200,959,3,48,200,84054,1250,30,1,IMG_0217.CR3,0.00200,0.00193,
218,1,b,199,15:55:55,8994,114,200,200,913,3,47,200,84608,1600,30,1,IMG_0218.CR3,0.00199,0.00193,
219,1,b,199,15:56:08,9020,135,200,200,941,3,46,200,84271,1250,29,1,IMG_0219.CR3,0.00199,0.00192,
220,1,b,199,15:56:21,9005,126,200,200,925,3,44,200,84328,1600,34,1,IMG_0220.CR3,0.00198,0.00192,
221,1,b,199,15:56:34,9011,133,200,200,925,3,48,200,84348,1250,34,1,IMG_0221.CR3,0.00200,0.00193,
222,1,b,199,15:56:47,9015,135,200,200,930,3,47,200,84434,1600,35,1,IMG_0222.CR3,0.00199,0.00193,
223,1,b,199,15:57:00,9025,132,200,200,942,4,47,200,84316,1250,33,1,IMG_0223.CR3,0.00200,0.00193,
224,1,b,199,15:57:13,8987,119,200,200,904,4,48,200,84460,1600,34,1,IMG_0224.CR3,0.00201,0.00194,
225,1,b,199,15:57:26,9021,155,200,200,936,3,48,200,84131,1250,34,1,IMG_0225.CR3,0.00199,0.00191,
226,1,b,199,15:57:39,9000,141,200,200,917,3,49,200,84322,1600,29,1,IMG_0226.CR3,0.00199,0.00192,
227,1,b,199,15:57:53,9039,157,200,200,955,3,52,200,83822,1250,29,1,IMG_0227.CR3,0.00199,0.00192,
228,1,b,199,15:58:06,8998,121,200,200,917,3,46,200,84154,1600,33,1,IMG_0228.CR3,0.00199,0.00192,
229,1,b,199,15:58:19,9031,145,200,200,954,4,46,200,83691,1250,29,1,IMG_0229.CR3,0.00198,0.00190,
230,1,b,199,15:58:32,8992,116,200,200,906,3,49,200,84021,1600,34,1,IMG_0230.CR3,0.00199,0.00191,
231,1,b,199,15:58:45,9028,144,200,200,945,3,51,200,84049,1250,30,1,IMG_0231.CR3,0.00199,0.00191,
232,1,b,199,15:58:58,9005,125,200,200,921,4,51,200,84521,1600,30,1,IMG_0232.CR3,0.00200,0.00192,
233,1,b,199,15:59:11,9006,132,200,200,924,3,50,200,83900,1250,29,1,IMG_0233.CR3,0.00199,0.00192,
234,1,b,199,15:59:24,9009,135,200,200,921,3,47,200,84273,1600,37,1,IMG_0234.CR3,0.00199,0.00191,
235,1,b,199,15:59:37,9028,148,200,200,947,3,49,200,83921,1250,29,1,IMG_0235.CR3,0.00198,0.00190,
236,1,b,199,15:59:50,8999,122,200,200,916,3,45,200,83765,1600,35,1,IMG_0236.CR3,0.00198,0.00191,
237,1,b,199,16:00:03,9020,137,200,200,928,3,49,200,84456,1250,40,1,IMG_0237.CR3,0.00200,0.00193,
238,1,b,199,16:00:16,8994,126,200,200,911,3,50,200,83291,1600,29,1,IMG_0238.CR3,0.00196,0.00188,
239,1,b,199,16:00:29,9021,145,200,200,934,3,48,200,83803,1250,37,1,IMG_0239.CR3,0.00198,0.00190,
240,1,b,199,16:00:42,9003,141,200,200,916,3,49,200,84454,1600,34,1,IMG_0240.CR3,0.00198,0.00191,
241,1,b,199,16:00:55,9049,152,200,200,965,3,51,200,83786,1250,29,1,IMG_0241.CR3,0.00199,0.00191,
242,1,b,199,16:01:08,9005,109,200,200,922,3,49,200,84391,1600,29,1,IMG_0242.CR3,0.00200,0.00192,
243,1,b,199,16:01:21,8994,117,200,200,910,4,53,200,84320,1250,30,1,IMG_0243.CR3,0.00200,0.00192,
244,1,b,199,16:01:34,9011,137,200,200,921,3,52,200,84158,1600,36,1,IMG_0244.CR3,0.00198,0.00190,
245,1,b,199,16:01:47,9022,135,200,200,943,3,46,200,85125,1250,29,1,IMG_0245.CR3,0.00202,0.00195,
246,1,b,199,16:02:00,9000,135,200,200,910,4,48,200,83984,1600,34,1,IMG_0246.CR3,0.00199,0.00191,
247,1,b,199,16:02:13,9035,144,200,200,948,3,55,200,83548,1250,29,1,IMG_0247.CR3,0.00199,0.00191,
248,1,b,199,16:02:26,8991,125,200,200,901,3,46,200,83142,1600,38,1,IMG_0248.CR3,0.00196,0.00188,
249,1,b,199,16:02:39,9041,146,200,200,957,4,51,200,84233,1250,31,1,IMG_0249.CR3,0.00199,0.00192,
250,1,b,199,16:02:52,8985,108,200,200,905,3,45,200,84059,1600,29,1,IMG_0250.CR3,0.00200,0.00192,
251,1,b,199,16:03:05,9021,142,200,200,938,3,52,200,83991,1250,29,1,IMG_0251.CR3,0.00198,0.00191,
252,1,b,199,16:03:18,9000,129,200,200,913,3,46,200,84342,1600,36,1,IMG_0252.CR3,0.00199,0.00192,
253,1,b,199,16:03:31,9024,142,200,200,942,3,49,200,84274,1250,30,1,IMG_0253.CR3,0.00199,0.00192,
254,1,b,199,16:03:44,8992,127,200,200,908,3,50,200,84212,1600,31,1,IMG_0254.CR3,0.00199,0.00192,
255,1,b,199,16:03:57,9036,159,200,200,952,3,47,200,83643,1250,32,1,IMG_0255.CR3,0.00199,0.00192,
256,1,b,199,16:04:10,9002,124,200,200,919,3,48,200,84045,1600,29,1,IMG_0256.CR3,0.00199,0.00191,
257,1,b,199,16:04:23,9021,136,200,200,942,3,47,200,84121,1250,30,1,IMG_0257.CR3,0.00199,0.00191,
258,1,b,199,16:04:36,8991,125,200,200,906,3,48,200,84251,1600,30,1,IMG_0258.CR3,0.00199,0.00192,
259,1,b,199,16:04:49,9028,147,200,200,947,3,48,200,83728,1250,29,1,IMG_0259.CR3,0.00198,0.00190,
260,1,b,199,16:05:02,9012,135,200,200,929,3,45,200,84216,1600,34,1,IMG_0260.CR3,0.00199,0.00191,
261,1,b,199,16:05:15,9009,132,200,200,923,3,50,200,83170,1250,32,1,IMG_0261.CR3,0.00198,0.00190,
262,1,b,199,16:05:28,9017,135,200,200,930,3,52,200,84454,1600,30,1,IMG_0262.CR3,0.00200,0.00193,
263,1,b,199,16:05:41,9039,131,200,200,950,3,55,200,83335,1250,27,1,IMG_0263.CR3,0.00197,0.00189,
264,1,b,199,16:05:54,8983,105,200,200,902,3,44,200,82811,1600,35,1,IMG_0264.CR3,0.00195,0.00187,
265,1,b,199,16:06:07,9024,133,200,200,930,3,61,200,83873,1250,29,1,IMG_0265.CR3,0.00198,0.00190,
266,1,b,199,16:06:20,8999,121,200,200,912,3,53,200,84195,1600,31,1,IMG_0266.CR3,0.00199,0.00191,
267,1,b,199,16:06:33,9026,137,200,200,945,3,47,200,84453,1250,31,1,IMG_0267.CR3,0.00199,0.00192,
268,1,b,199,16:06:46,9002,121,200,200,918,4,52,200,82995,1600,29,1,IMG_0268.CR3,0.00198,0.00190,
269,1,b,199,16:06:59,9008,140,200,200,929,4,44,200,84241,1250,31,1,IMG_0269.CR3,0.00199,0.00192,
270,1,b,199,16:07:12,9017,141,200,200,935,3,50,200,84022,1600,30,1,IMG_0270.CR3,0.00199,0.00192,
271,1,b,199,16:07:25,9028,149,200,200,945,3,50,200,85092,1250,30,1,IMG_0271.CR3,0.00200,0.00193,
272,1,b,199,16:07:38,8985,115,200,200,898,3,49,200,83747,1600,34,1,IMG_0272.CR3,0.00199,0.00191,
273,1,b,199,16:07:51,9028,148,200,200,948,3,47,200,83692,1250,30,1,IMG_0273.CR3,0.00197,0.00189,
274,1,b,199,16:08:04,9003,136,200,200,919,3,46,200,85238,1600,34,1,IMG_0274.CR3,0.00201,0.00193,
275,1,b,199,16:08:17,9041,135,200,200,956,3,52,200,83764,1250,29,1,IMG_0275.CR3,0.00198,0.00190,
276,1,b,199,16:08:30,8979,107,200,200,892,3,50,200,83897,1600,35,1,IMG_0276.CR3,0.00199,0.00191,
277,1,b,199,16:08:43,9022,142,200,200,938,3,52,200,84520,1250,29,1,IMG_0277.CR3,0.00201,0.00193,
278,1,b,199,16:08:56,9005,130,200,200,918,3,48,200,83622,1600,34,1,IMG_0278.CR3,0.00198,0.00190,
279,1,b,199,16:09:09,9013,141,200,200,930,3,47,200,83554,1250,34,1,IMG_0279.CR3,0.00198,0.00190,
280,1,b,199,16:09:22,9003,139,200,200,920,3,49,200,84592,1600,31,1,IMG_0280.CR3,0.00201,0.00193,
281,1,b,199,16:09:35,9041,152,200,200,959,3,49,200,83974,1250,31,1,IMG_0281.CR3,0.00199,0.00191,
282,1,b,199,16:09:48,8981,119,200,200,896,4,52,200,83885,1600,29,1,IMG_0282.CR3,0.00199,0.00191,
283,1,b,199,16:10:01,9028,157,200,200,939,3,46,200,84248,1250,39,1,IMG_0283.CR3,0.00198,0.00190,
284,1,b,199,16:10:14,9015,141,200,200,932,3,50,200,84239,1600,28,1,IMG_0284.CR3,0.00199,0.00191,
285,1,b,199,16:10:27,9017,140,200,200,935,3,47,200,83654,1250,31,1,IMG_0285.CR3,0.00197,0.00189,
286,1,b,199,16:10:40,8954,71,200,200,868,3,46,200,84149,1600,37,1,IMG_0286.CR3,0.00200,0.00192,
287,1,b,199,16:10:53,8948,80,200,200,865,3,50,200,84256,1250,29,1,IMG_0287.CR3,0.00199,0.00191,
288,1,b,199,16:11:06,9009,134,200,200,920,3,48,200,84118,1600,38,1,IMG_0288.CR3,0.00199,0.00191,
289,1,b,199,16:11:19,9030,141,200,200,947,4,46,200,83345,1250,32,1,IMG_0289.CR3,0.00197,0.00189,
290,1,b,199,16:11:32,8981,124,200,200,903,4,45,200,84167,1600,31,1,IMG_0290.CR3,0.00199,0.00191,
291,1,b,199,16:11:45,9029,158,200,200,945,3,50,200,83877,1250,31,1,IMG_0291.CR3,0.00199,0.00192,
292,1,b,199,16:11:58,9009,145,200,200,927,3,49,200,83526,1600,30,1,IMG_0292.CR3,0.00198,0.00190,
293,1,b,199,16:12:11,9026,141,200,200,939,3,47,200,84040,1250,36,1,IMG_0293.CR3,0.00197,0.00189,
294,1,b,199,16:12:24,8999,122,200,200,917,3,46,200,84312,1600,32,1,IMG_0294.CR3,0.00199,0.00191,
295,1,b,199,16:12:37,9012,134,200,200,931,4,50,200,84045,1250,30,1,IMG_0295.CR3,0.00198,0.00191,
296,1,b,199,16:12:50,9013,136,200,200,923,3,52,200,84386,1600,36,1,IMG_0296.CR3,0.00199,0.00192,
297,1,b,199,16:13:03,9028,133,200,200,951,3,48,200,84085,1250,28,1,IMG_0297.CR3,0.00199,0.00191,
298,1,b,199,16:13:16,8995,118,200,200,910,3,51,200,83930,1600,31,1,IMG_0298.CR3,0.00198,0.00190,
299,1,b,199,16:13:29,9014,139,200,200,929,3,47,200,83690,1250,34,1,IMG_0299.CR3,0.00198,0.00190,
300,1,b,199,16:13:42,9001,134,200,200,920,3,46,200,83614,1600,31,1,IMG_0300.CR3,0.00199,0.00191,
301,1,b,199,16:13:55,9033,144,200,200,954,3,47,200,83211,1250,30,1,IMG_0301.CR3,0.00197,0.00190,
302,1,b,199,16:14:08,9002,127,200,200,920,3,47,200,83501,1600,31,1,IMG_0302.CR3,0.00197,0.00189,
303,1,b,199,16:14:21,9030,134,200,200,952,3,49,200,84207,1250,27,1,IMG_0303.CR3,0.00197,0.00190,
304,1,b,199,16:14:34,8999,115,200,200,914,4,52,200,83699,1600,29,1,IMG_0304.CR3,0.00198,0.00190,
305,1,b,199,16:14:47,9012,132,200,200,928,3,50,200,84213,1250,30,1,IMG_0305.CR3,0.00200,0.00192,
306,1,b,199,16:15:00,9010,133,200,200,928,3,52,200,83664,1600,29,1,IMG_0306.CR3,0.00198,0.00190,
307,1,b,199,16:15:13,9027,131,200,200,949,3,49,200,83614,1250,27,1,IMG_0307.CR3,0.00198,0.00190,
308,1,b,199,16:15:26,8994,117,200,200,910,3,52,200,84981,1600,29,1,IMG_0308.CR3,0.00201,0.00194,
309,1,b,199,16:15:39,9015,139,200,200,934,3,48,200,84439,1250,30,1,IMG_0309.CR3,0.00199,0.00191,
310,1,b,199,16:15:52,8999,133,200,200,921,3,46,200,83744,1600,29,1,IMG_0310.CR3,0.00197,0.00190,
311,1,b,199,16:16:05,9039,157,200,200,959,3,47,200,83700,1250,30,1,IMG_0311.CR3,0.00198,0.00191,
312,1,b,199,16:16:18,9004,121,200,200,925,4,46,200,83861,1600,31,1,IMG_0312.CR3,0.00198,0.00190,
313,1,b,199,16:16:32,9008,130,200,200,925,3,46,200,83657,1250,35,1,IMG_0313.CR3,0.00199,0.00192,
314,1,b,199,16:16:45,9010,133,200,200,929,3,45,200,84198,1600,34,1,IMG_0314.CR3,0.00198,0.00191,
315,1,b,199,16:16:58,9034,135,200,200,953,4,51,200,84399,1250,27,1,IMG_0315.CR3,0.00200,0.00193,
316,1,b,199,16:17:11,8992,114,200,200,909,3,50,200,84221,1600,31,1,IMG_0316.CR3,0.00199,0.00191,
317,1,b,199,16:17:24,9029,132,200,200,942,3,49,200,83023,1250,29,1,IMG_0317.CR3,0.00197,0.00188,
318,1,b,199,16:17:37,8991,116,200,200,900,3,55,200,84132,1600,33,1,IMG_0318.CR3,0.00199,0.00191,
319,1,b,199,16:17:50,9017,141,200,200,933,3,50,200,84913,1250,29,1,IMG_0319.CR3,0.00201,0.00193,
320,1,b,199,16:18:03,8999,133,200,200,913,3,53,200,84510,1600,32,1,IMG_0320.CR3,0.00200,0.00192,
321,1,b,199,16:18:16,9075,155,200,200,972,3,71,200,83777,1250,29,1,IMG_0321.CR3,0.00199,0.00191,
322,1,b,199,16:18:29,9105,88,200,200,1018,3,53,200,94709,1600,29,1,IMG_0322.CR3,0.00184,0.00179,
323,1,b,199,16:18:42,9004,122,200,200,916,3,46,200,84130,1250,37,1,IMG_0323.CR3,0.00198,0.00190,
324,1,b,199,16:18:55,9001,139,200,200,907,3,45,200,83600,1600,45,1,IMG_0324.CR3,0.00200,0.00191,
325,1,b,199,16:19:08,9082,157,200,200,998,3,55,200,95363,1250,27,1,IMG_0325.CR3,0.00186,0.00180,
326,1,b,199,16:19:21,8998,74,200,200,902,4,58,200,83433,1600,32,1,IMG_0326.CR3,0.00198,0.00189,
327,1,b,199,16:19:34,9025,90,200,200,940,3,52,200,94936,1250,31,1,IMG_0327.CR3,0.00185,0.00179,
328,1,b,199,16:19:47,8972,76,200,200,888,3,49,200,83982,1600,32,1,IMG_0328.CR3,0.00197,0.00189,
329,1,b,199,16:20:00,9119,117,200,200,1029,3,50,200,94675,1250,35,1,IMG_0329.CR3,0.00184,0.00178,
330,1,b,199,16:20:13,9284,149,200,200,956,3,172,200,95296,1600,152,1,IMG_0330.CR3,0.00186,0.00181,
331,1,b,199,16:20:26,9018,139,200,200,933,3,48,200,83268,1250,35,1,IMG_0331.CR3,0.00197,0.00188,
332,1,b,199,16:20:39,9007,134,200,200,918,3,50,200,84816,1600,34,1,IMG_0332.CR3,0.00200,0.00192,
333,1,b,199,16:20:52,9029,149,200,200,946,3,49,200,83154,1250,32,1,IMG_0333.CR3,0.00197,0.00189,
334,1,b,199,16:21:05,9000,123,200,200,916,4,46,200,84213,1600,34,1,IMG_0334.CR3,0.00200,0.00192,
335,1,b,199,16:21:18,9020,135,200,200,936,4,47,200,83946,1250,33,1,IMG_0335.CR3,0.00198,0.00189,
336,1,b,199,16:21:31,9018,127,200,200,935,3,47,200,84079,1600,32,1,IMG_0336.CR3,0.00197,0.00189,
337,1,b,199,16:21:44,9004,122,200,200,926,3,47,200,84505,1250,29,1,IMG_0337.CR3,0.00200,0.00191,
338,1,b,199,16:21:57,9006,133,200,200,923,3,50,200,84323,1600,30,1,IMG_0338.CR3,0.00200,0.00192,
339,1,b,199,16:22:10,9022,137,200,200,942,3,49,200,84166,1250,30,1,IMG_0339.CR3,0.00199,0.00191,
340,1,b,199,16:22:23,9026,125,200,200,938,3,55,200,83470,1600,31,1,IMG_0340.CR3,0.00196,0.00188,
341,1,b,199,16:22:36,8990,112,200,200,908,4,47,200,84019,1250,32,1,IMG_0341.CR3,0.00199,0.00191,
342,1,b,199,16:22:49,8998,131,200,200,914,3,48,200,83543,1600,32,1,IMG_0342.CR3,0.00196,0.00188,
343,1,b,199,16:23:02,9036,154,200,200,955,3,47,200,83582,1250,30,1,IMG_0343.CR3,0.00197,0.00189,
344,1,b,199,16:23:15,9005,127,200,200,923,3,49,200,83957,1600,31,1,IMG_0344.CR3,0.00199,0.00191,
345,1,b,199,16:23:28,9011,133,200,200,928,3,49,200,83897,1250,32,1,IMG_0345.CR3,0.00198,0.00191,
346,1,b,199,16:23:41,9004,130,200,200,916,3,48,200,83842,1600,38,1,IMG_0346.CR3,0.00198,0.00190,
347,1,b,199,16:23:54,9032,139,200,200,951,3,47,200,84209,1250,31,1,IMG_0347.CR3,0.00199,0.00190,
348,1,b,199,16:24:07,8980,120,200,200,893,4,48,200,83771,1600,36,1,IMG_0348.CR3,0.00198,0.00189,
349,1,b,199,16:24:20,9035,160,200,200,952,3,49,200,84582,1250,30,1,IMG_0349.CR3,0.00200,0.00192,
350,1,b,199,16:24:34,9008,138,200,200,928,3,43,200,83472,1600,33,1,IMG_0350.CR3,0.00197,0.00189,
351,1,b,199,16:24:47,9023,135,200,200,935,3,55,200,83539,1250,30,1,IMG_0351.CR3,0.00197,0.00189,
352,1,b,199,16:25:00,8986,121,200,200,895,3,51,200,84528,1600,36,1,IMG_0352.CR3,0.00199,0.00190,
353,1,b,199,16:25:13,9032,147,200,200,944,3,56,200,83965,1250,30,1,IMG_0353.CR3,0.00198,0.00190,
354,1,b,199,16:25:26,9005,130,200,200,923,3,50,200,83857,1600,30,1,IMG_0354.CR3,0.00197,0.00189,
355,1,b,199,16:25:39,9044,134,200,200,955,3,57,200,83908,1250,30,1,IMG_0355.CR3,0.00197,0.00189,
356,1,b,199,16:25:52,8979,109,200,200,890,4,51,200,82875,1600,36,1,IMG_0356.CR3,0.00196,0.00188,
357,1,b,199,16:26:05,9048,145,200,200,929,3,81,200,83557,1250,32,1,IMG_0357.CR3,0.00198,0.00190,
358,1,b,199,16:26:18,8983,105,200,200,895,3,55,200,83922,1600,30,1,IMG_0358.CR3,0.00198,0.00190,
359,1,b,199,16:26:31,9004,137,200,200,919,3,45,200,83648,1250,36,1,IMG_0359.CR3,0.00198,0.00189,
360,1,b,199,16:26:44,9019,144,200,200,925,3,50,200,83605,1600,38,1,IMG_0360.CR3,0.00197,0.00188,
361,1,b,199,16:26:57,9026,130,200,200,945,4,48,200,83315,1250,30,1,IMG_0361.CR3,0.00195,0.00187,
362,1,b,199,16:27:10,8970,115,200,200,892,3,44,200,83874,1600,30,1,IMG_0362.CR3,0.00197,0.00189,
363,1,b,199,16:27:23,9058,165,200,200,960,3,68,200,84221,1250,29,1,IMG_0363.CR3,0.00198,0.00190,
364,1,b,199,16:27:36,9006,121,200,200,918,3,53,200,83321,1600,32,1,IMG_0364.CR3,0.00197,0.00189,
365,1,b,199,16:27:49,9000,122,200,200,922,3,46,200,83443,1250,30,1,IMG_0365.CR3,0.00197,0.00188,
366,1,b,199,16:28:02,8995,129,200,200,904,3,54,200,84424,1600,35,1,IMG_0366.CR3,0.00199,0.00190,
367,1,b,199,16:28:15,9049,146,200,200,954,3,52,200,84348,1250,30,1,IMG_0367.CR3,0.00199,0.00190,
368,1,b,199,16:28:28,9109,112,200,200,907,3,155,200,82898,1600,43,1,IMG_0368.CR3,0.00195,0.00186,
369,1,b,199,16:28:47,15601,989,200,200,7145,2,404,200,84306,1250,46,1,IMG_0369.CR3,0.00199,0.00191,
370,1,b,199,16:29:01,9056,102,200,200,879,4,144,200,83742,1600,30,1,IMG_0370.CR3,0.00197,0.00189,
371,1,b,199,16:29:14,9052,338,200,200,859,3,151,200,83686,1250,37,1,IMG_0371.CR3,0.00198,0.00190,
372,1,b,199,16:29:27,9050,162,200,200,937,3,83,200,83536,1600,29,1,IMG_0372.CR3,0.00197,0.00188,
373,1,b,199,16:29:40,9029,110,200,200,928,3,68,200,83636,1250,29,1,IMG_0373.CR3,0.00196,0.00187,
374,1,b,199,16:29:53,8991,99,200,200,897,3,61,200,83883,1600,31,1,IMG_0374.CR3,0.00197,0.00189,
375,1,b,199,16:30:06,9000,116,200,200,911,3,53,200,84096,1250,32,1,IMG_0375.CR3,0.00198,0.00189,
376,1,b,199,16:30:19,8994,137,200,200,901,3,56,200,83611,1600,33,1,IMG_0376.CR3,0.00197,0.00188,
377,1,b,199,16:30:32,9019,158,200,200,932,3,51,200,83948,1250,33,1,IMG_0377.CR3,0.00199,0.00190,
378,1,b,199,16:30:45,8950,72,200,200,861,3,52,200,84189,1600,35,1,IMG_0378.CR3,0.00199,0.00190,
379,1,b,199,16:30:58,9034,135,200,200,950,3,55,200,83770,1250,27,1,IMG_0379.CR3,0.00197,0.00188,
380,1,b,199,16:31:11,8988,116,200,200,901,3,48,200,83997,1600,36,1,IMG_0380.CR3,0.00198,0.00189,
381,1,b,199,16:31:24,9055,144,200,200,946,4,78,200,83846,1250,29,1,IMG_0381.CR3,0.00197,0.00188,
382,1,b,199,16:31:37,8973,94,200,200,888,3,50,200,84954,1600,30,1,IMG_0382.CR3,0.00201,0.00192,
383,1,b,199,16:31:50,9019,131,200,200,936,3,50,200,83360,1250,30,1,IMG_0383.CR3,0.00196,0.00188,
384,1,b,199,16:32:03,9001,133,200,200,908,3,55,200,84057,1600,35,1,IMG_0384.CR3,0.00198,0.00190,
385,1,b,199,16:32:16,9026,139,200,200,932,3,54,200,83615,1250,38,1,IMG_0385.CR3,0.00196,0.00188,
386,1,b,199,16:32:29,9004,124,200,200,920,3,48,200,83801,1600,32,1,IMG_0386.CR3,0.00197,0.00188,
387,1,b,199,16:32:42,9019,131,200,200,937,4,49,200,84425,1250,30,1,IMG_0387.CR3,0.00199,0.00191,
388,1,b,199,16:32:55,9008,123,200,200,925,3,50,200,83053,1600,31,1,IMG_0388.CR3,0.00197,0.00188,
389,1,b,199,16:33:08,9004,129,200,200,922,3,45,200,83467,1250,35,1,IMG_0389.CR3,0.00197,0.00189,
390,1,b,199,16:33:21,9005,138,200,200,922,3,45,200,84205,1600,33,1,IMG_0390.CR3,0.00198,0.00190,
391,1,b,199,16:33:34,9040,150,200,200,951,3,52,200,83533,1250,30,1,IMG_0391.CR3,0.00198,0.00189,
392,1,b,199,16:33:47,8990,116,200,200,904,4,49,200,84015,1600,35,1,IMG_0392.CR3,0.00199,0.00190,
393,1,b,199,16:34:00,9016,141,200,200,936,3,47,200,84245,1250,30,1,IMG_0393.CR3,0.00197,0.00189,
394,1,b,199,16:34:13,9192,144,200,200,959,3,194,200,83008,1600,37,1,IMG_0394.CR3,0.00196,0.00187,
395,1,b,199,16:34:26,8976,89,200,200,897,3,48,200,83874,1250,29,1,IMG_0395.CR3,0.00199,0.00191,
396,1,b,199,16:34:39,9000,124,200,200,918,3,46,200,84215,1600,34,1,IMG_0396.CR3,0.00200,0.00191,
397,1,b,199,16:34:52,9017,147,200,200,930,3,46,200,83373,1250,38,1,IMG_0397.CR3,0.00197,0.00189,
398,1,b,199,16:35:05,9009,134,200,200,918,3,51,200,83806,1600,38,1,IMG_0398.CR3,0.00197,0.00188,
399,1,b,199,16:35:18,9013,139,200,200,927,3,49,200,84566,1250,34,1,IMG_0399.CR3,0.00199,0.00191,
400,1,b,199,16:35:31,9010,138,200,200,923,3,46,200,83778,1600,38,1,IMG_0400.CR3,0.00198,0.00190,
401,2,a,200,16:35:46,9016,108,200,200,923,4,57,200,2999,1250,33,2,IMG_0401.CR3,0.00046,0.00082,
402,2,a,201,16:35:59,8962,96,200,200,883,3,38,200,2999,1600,40,2,IMG_0402.CR3,0.00047,0.00103,
403,2,a,202,16:36:12,9028,154,200,200,946,3,37,200,2997,1250,43,2,IMG_0403.CR3,0.00047,0.00083,
404,2,a,203,16:36:25,8998,130,200,200,906,3,43,200,3020,1600,47,2,IMG_0404.CR3,0.00047,0.00103,
405,2,a,204,16:36:38,9034,153,200,200,951,3,43,200,2967,1250,39,2,IMG_0405.CR3,0.00047,0.00083,
406,2,a,205,16:36:51,9007,125,200,200,925,4,37,200,3012,1600,44,2,IMG_0406.CR3,0.00047,0.00104,
407,2,a,206,16:37:04,9024,128,200,200,939,4,47,200,3011,1250,37,2,IMG_0407.CR3,0.00047,0.00084,
408,2,a,207,16:37:17,8978,118,200,200,897,3,36,200,3012,1600,44,2,IMG_0408.CR3,0.00047,0.00105,
409,2,a,208,16:37:30,9038,158,200,200,957,3,44,200,2984,1250,36,2,IMG_0409.CR3,0.00046,0.00084,
410,2,a,209,16:37:43,9004,139,200,200,920,3,41,200,3034,1600,42,2,IMG_0410.CR3,0.00047,0.00106,
411,2,a,210,16:37:56,9011,133,200,200,931,3,38,200,3017,1250,42,2,IMG_0411.CR3,0.00047,0.00085,
412,2,a,211,16:38:09,9000,134,200,200,915,3,38,200,3013,1600,44,2,IMG_0412.CR3,0.00047,0.00106,
413,2,a,212,16:38:22,9029,151,200,200,952,3,41,200,3028,1250,34,2,IMG_0413.CR3,0.00047,0.00084,
414,2,a,213,16:38:35,8997,129,200,200,907,4,41,200,2983,1600,48,2,IMG_0414.CR3,0.00047,0.00106,
415,2,a,214,16:38:48,9033,144,200,200,949,3,43,200,3006,1250,38,2,IMG_0415.CR3,0.00047,0.00084,
416,2,a,215,16:39:01,9005,124,200,200,924,3,38,200,3014,1600,43,2,IMG_0416.CR3,0.00047,0.00106,
417,2,a,216,16:39:14,9008,130,200,200,923,3,44,200,3004,1250,40,2,IMG_0417.CR3,0.00047,0.00084,
418,2,a,217,16:39:27,8998,133,200,200,913,3,37,200,3019,1600,46,2,IMG_0418.CR3,0.00047,0.00106,
419,2,a,218,16:39:40,9051,153,200,200,959,3,52,200,3014,1250,38,2,IMG_0419.CR3,0.00047,0.00080,
420,2,a,219,16:39:53,8983,108,200,200,898,3,39,200,3014,1600,45,2,IMG_0420.CR3,0.00047,0.00101,
421,2,a,220,16:40:06,9014,147,200,200,928,3,36,200,2957,1250,47,2,IMG_0421.CR3,0.00047,0.00081,
422,2,a,221,16:40:19,9004,140,200,200,920,3,40,200,3077,1600,42,2,IMG_0422.CR3,0.00047,0.00101,
423,2,a,222,16:40:32,9034,163,200,200,949,3,46,200,3027,1250,38,2,IMG_0423.CR3,0.00046,0.00081,
424,2,a,223,16:40:45,8999,124,200,200,915,3,40,200,2967,1600,42,2,IMG_0424.CR3,0.00047,0.00102,
425,2,a,224,16:40:58,9022,139,200,200,934,3,51,200,2976,1250,37,2,IMG_0425.CR3,0.00047,0.00082,
426,2,a,225,16:41:11,8990,129,200,200,905,3,44,200,3010,1600,40,2,IMG_0426.CR3,0.00047,0.00102,
427,2,a,226,16:41:24,9035,156,200,200,952,4,45,200,3020,1250,36,2,IMG_0427.CR3,0.00046,0.00081,
428,2,a,227,16:41:37,8990,134,200,200,903,4,40,200,3022,1600,46,2,IMG_0428.CR3,0.00047,0.00103,
429,2,a,228,16:41:50,9031,155,200,200,947,3,40,200,2977,1250,42,2,IMG_0429.CR3,0.00047,0.00083,
430,2,a,229,16:42:03,9022,142,200,200,924,3,65,200,3009,1600,30,2,IMG_0430.CR3,0.00047,0.00104,
431,2,a,230,16:42:16,9014,119,200,200,929,3,47,200,3054,1250,38,2,IMG_0431.CR3,0.00047,0.00083,
432,2,a,231,16:42:29,8966,120,200,200,891,3,39,200,2999,1600,34,2,IMG_0432.CR3,0.00047,0.00105,
433,2,a,232,16:42:42,9041,169,200,200,957,3,37,200,2989,1250,46,2,IMG_0433.CR3,0.00047,0.00084,
434,2,a,233,16:42:55,9009,137,200,200,928,3,39,200,2968,1600,42,2,IMG_0434.CR3,0.00047,0.00105,
435,2,a,234,16:43:08,9019,140,200,200,939,3,37,200,2999,1250,42,2,IMG_0435.CR3,0.00047,0.00084,
436,2,a,235,16:43:21,8995,145,200,200,912,4,40,200,3054,1600,41,2,IMG_0436.CR3,0.00047,0.00105,
437,2,a,236,16:43:34,9044,154,200,200,957,3,48,200,2997,1250,38,2,IMG_0437.CR3,0.00047,0.00083,
438,2,a,237,16:43:48,8994,119,200,200,911,3,40,200,2970,1600,42,2,IMG_0438.CR3,0.00047,0.00105,
439,2,a,238,16:44:01,9009,139,200,200,922,3,41,200,3048,1250,46,2,IMG_0439.CR3,0.00047,0.00083,
440,2,a,238,16:44:55,50461,142,200,0,42461,4,0,0,0,,0,3,IMG_0439.CR3,-1.00000,-1.00000,通知なし
