frame,wallclock,cycle_ms,iso,iso_ms,post_ms,post_http,notify_ms,polls,fetch_ms,fetch_http,file,medY,meanY,note
1,21:01:36,8886,1250,28,67,200,886,3,0,0,IMG_0024.CR3,-1.00000,-1.00000,
2,21:01:49,8932,1600,32,59,200,879,3,39,200,IMG_0025.CR3,0.00046,0.00078,
3,21:02:02,8986,1250,36,135,200,944,3,40,200,IMG_0026.CR3,0.00047,0.00097,
4,21:02:15,9063,1600,40,158,200,1008,3,54,200,IMG_0027.CR3,0.00046,0.00078,
5,21:02:28,8962,1250,32,110,200,925,4,36,200,IMG_0028.CR3,0.00047,0.00096,
6,21:02:41,9021,1600,40,157,200,983,3,35,200,IMG_0029.CR3,0.00046,0.00077,
7,21:02:54,8996,1250,36,151,200,958,3,38,200,IMG_0030.CR3,0.00047,0.00067,
8,21:03:07,9030,1600,33,170,200,991,3,38,200,IMG_0031.CR3,0.00041,0.00024,
9,21:03:20,8991,1250,38,144,200,952,3,38,200,IMG_0032.CR3,0.00043,0.00026,
10,21:03:33,9020,1600,40,153,200,982,3,36,200,IMG_0033.CR3,0.00041,0.00024,
11,21:03:46,9020,1250,38,152,200,983,3,36,200,IMG_0034.CR3,0.00043,0.00025,
12,21:03:59,9004,1600,36,148,200,962,3,39,200,IMG_0035.CR3,0.00042,0.00024,
13,21:04:12,9002,1250,44,147,200,960,3,39,200,IMG_0036.CR3,0.00043,0.00026,
14,21:04:25,9035,1600,37,166,200,991,3,43,200,IMG_0037.CR3,0.00043,0.00026,
15,21:04:38,9010,1250,38,137,200,969,3,38,200,IMG_0038.CR3,0.00043,0.00026,
16,21:04:51,9001,1600,43,135,200,962,3,37,200,IMG_0039.CR3,0.00042,0.00025,
17,21:05:04,9003,1250,43,141,200,960,3,41,200,IMG_0040.CR3,0.00042,0.00025,
18,21:05:17,9048,1600,39,162,200,1000,3,46,200,IMG_0041.CR3,0.00042,0.00024,
19,21:05:30,8988,1250,41,119,200,949,3,37,200,IMG_0042.CR3,0.00043,0.00026,
20,21:05:43,9004,1600,37,155,200,966,3,37,200,IMG_0043.CR3,0.00042,0.00024,
21,21:05:56,9002,1250,47,160,200,964,3,37,200,IMG_0044.CR3,0.00043,0.00026,
22,21:06:09,9041,1600,32,177,200,1001,3,37,200,IMG_0045.CR3,0.00042,0.00024,
23,21:06:22,8988,1250,38,139,200,947,3,39,200,IMG_0046.CR3,0.00043,0.00026,
24,21:06:35,9031,1600,35,174,200,990,3,39,200,IMG_0047.CR3,0.00042,0.00025,
25,21:06:48,9025,1250,38,141,200,982,4,41,200,IMG_0048.CR3,0.00044,0.00027,
26,21:07:01,9017,1600,35,133,200,969,3,46,200,IMG_0049.CR3,0.00042,0.00024,
27,21:07:14,8989,1250,40,124,200,948,3,39,200,IMG_0050.CR3,0.00043,0.00026,
28,21:07:27,9010,1600,35,150,200,971,3,37,200,IMG_0051.CR3,0.00042,0.00025,
29,21:07:40,9001,1250,38,147,200,965,3,35,200,IMG_0052.CR3,0.00043,0.00026,
30,21:07:53,9012,1600,36,158,200,976,3,34,200,IMG_0053.CR3,0.00043,0.00025,
31,21:08:06,9013,1250,33,166,200,973,4,37,200,IMG_0054.CR3,0.00043,0.00026,
32,21:08:19,9027,1600,41,160,200,990,3,35,200,IMG_0055.CR3,0.00042,0.00025,
33,21:08:32,9011,1250,39,140,200,974,3,36,200,IMG_0056.CR3,0.00043,0.00026,
34,21:08:45,9007,1600,47,142,200,963,3,41,200,IMG_0057.CR3,0.00043,0.00026,
35,21:08:58,9006,1250,38,147,200,967,3,38,200,IMG_0058.CR3,0.00043,0.00026,
36,21:09:11,9026,1600,32,163,200,988,3,36,200,IMG_0059.CR3,0.00043,0.00025,
37,21:09:24,8989,1250,35,144,200,946,3,41,200,IMG_0060.CR3,0.00043,0.00026,
38,21:09:37,9038,1600,38,168,200,997,3,38,200,IMG_0061.CR3,0.00042,0.00025,
39,21:09:50,8996,1250,38,137,200,958,3,36,200,IMG_0062.CR3,0.00043,0.00026,
40,21:10:03,9046,1600,41,159,200,1000,3,45,200,IMG_0063.CR3,0.00042,0.00025,
41,21:10:16,8979,1250,35,124,200,939,3,39,200,IMG_0064.CR3,0.00044,0.00027,
42,21:10:29,9029,1600,42,155,200,987,3,39,200,IMG_0065.CR3,0.00043,0.00026,
43,21:10:42,8994,1250,40,142,200,956,3,36,200,IMG_0066.CR3,0.00043,0.00027,
44,21:10:55,9013,1600,42,159,200,976,3,36,200,IMG_0067.CR3,0.00042,0.00025,
45,21:11:08,9004,1250,41,150,200,963,3,40,200,IMG_0068.CR3,0.00043,0.00026,
46,21:11:21,9039,1600,42,163,200,998,3,39,200,IMG_0069.CR3,0.00043,0.00026,
47,21:11:34,8999,1250,41,137,200,958,3,38,200,IMG_0070.CR3,0.00043,0.00026,
48,21:11:47,9022,1600,43,142,200,976,3,42,200,IMG_0071.CR3,0.00043,0.00025,
49,21:12:00,8985,1250,39,134,200,947,3,36,200,IMG_0072.CR3,0.00043,0.00026,
50,21:12:13,9046,1600,38,171,200,1003,3,41,200,IMG_0073.CR3,0.00043,0.00026,
51,21:12:26,8976,1250,37,141,200,938,4,37,200,IMG_0074.CR3,0.00043,0.00026,
52,21:12:39,9035,1600,34,176,200,998,3,35,200,IMG_0075.CR3,0.00043,0.00026,
53,21:12:52,9023,1250,47,143,200,979,3,42,200,IMG_0076.CR3,0.00043,0.00026,
54,21:13:05,9008,1600,37,137,200,969,3,37,200,IMG_0077.CR3,0.00043,0.00026,
55,21:13:18,8987,1250,43,135,200,949,3,36,200,IMG_0078.CR3,0.00043,0.00026,
56,21:13:31,9018,1600,35,174,200,978,3,38,200,IMG_0079.CR3,0.00043,0.00026,
57,21:13:44,9016,1250,36,162,200,974,4,41,200,IMG_0080.CR3,0.00043,0.00026,
58,21:13:57,9016,1600,41,155,200,973,3,39,200,IMG_0081.CR3,0.00043,0.00026,
59,21:14:10,9010,1250,40,149,200,970,3,37,200,IMG_0082.CR3,0.00043,0.00027,
60,21:14:23,9041,1600,40,194,200,992,3,48,200,IMG_0083.CR3,0.00043,0.00026,
61,21:14:36,8978,1250,35,136,200,938,3,39,200,IMG_0084.CR3,0.00043,0.00027,
62,21:14:49,9028,1600,33,164,200,987,3,39,200,IMG_0085.CR3,0.00043,0.00026,
63,21:15:02,9008,1250,43,142,200,967,3,39,200,IMG_0086.CR3,0.00043,0.00027,
64,21:15:15,9031,1600,35,155,200,981,3,48,200,IMG_0087.CR3,0.00043,0.00025,
65,21:15:28,8976,1250,34,129,200,936,3,37,200,IMG_0088.CR3,0.00043,0.00026,
66,21:15:41,9033,1600,37,172,200,990,3,41,200,IMG_0089.CR3,0.00043,0.00026,
67,21:15:54,9006,1250,44,137,200,963,3,40,200,IMG_0090.CR3,0.00043,0.00027,
68,21:16:07,9033,1600,38,144,200,987,3,44,200,IMG_0091.CR3,0.00043,0.00027,
69,21:16:20,8984,1250,35,131,200,947,3,36,200,IMG_0092.CR3,0.00044,0.00027,
70,21:16:33,9010,1600,42,146,200,972,3,35,200,IMG_0093.CR3,0.00043,0.00026,
71,21:16:47,9019,1250,32,162,200,982,4,36,200,IMG_0094.CR3,0.00044,0.00027,
72,21:17:00,9046,1600,37,150,200,990,3,56,200,IMG_0095.CR3,0.00043,0.00026,
73,21:17:13,8965,1250,36,117,200,927,3,37,200,IMG_0096.CR3,0.00043,0.00027,
74,21:17:26,9031,1600,35,167,200,989,3,42,200,IMG_0097.CR3,0.00043,0.00026,
75,21:17:39,8992,1250,37,143,200,954,3,36,200,IMG_0098.CR3,0.00044,0.00027,
76,21:17:52,9010,1600,35,167,200,972,4,36,200,IMG_0099.CR3,0.00043,0.00026,
77,21:18:05,9036,1250,36,169,200,1001,3,34,200,IMG_0100.CR3,0.00043,0.00026,
78,21:18:18,9046,1600,43,138,200,992,3,52,200,IMG_0101.CR3,0.00043,0.00025,
79,21:18:31,8965,1250,38,104,200,924,3,39,200,IMG_0102.CR3,0.00043,0.00027,
80,21:18:44,9025,1600,43,153,200,986,3,37,200,IMG_0103.CR3,0.00043,0.00025,
81,21:18:57,9005,1250,44,137,200,966,3,38,200,IMG_0104.CR3,0.00043,0.00027,
82,21:19:10,9021,1600,37,151,200,984,4,36,200,IMG_0105.CR3,0.00043,0.00026,
83,21:19:23,9004,1250,44,132,200,962,3,39,200,IMG_0106.CR3,0.00043,0.00027,
84,21:19:36,9025,1600,35,153,200,981,3,42,200,IMG_0107.CR3,0.00043,0.00026,
85,21:19:49,9009,1250,39,136,200,967,4,40,200,IMG_0108.CR3,0.00044,0.00028,
86,21:20:02,9022,1600,38,134,200,975,3,43,200,IMG_0109.CR3,0.00046,0.00044,
87,21:20:15,9039,1250,43,128,200,969,3,69,200,IMG_0110.CR3,0.00047,0.00055,
88,21:20:28,8987,1600,37,104,200,938,4,47,200,IMG_0111.CR3,0.00047,0.00052,
89,21:20:41,8992,1250,39,124,200,947,3,43,200,IMG_0112.CR3,0.00047,0.00062,
90,21:20:54,9046,1600,39,152,200,996,3,49,200,IMG_0113.CR3,0.00047,0.00052,
91,21:21:07,9004,1250,38,113,200,953,3,50,200,IMG_0114.CR3,0.00047,0.00062,
92,21:21:20,9173,1600,40,116,200,1118,3,52,200,IMG_0115.CR3,0.00047,0.00052,
93,21:21:33,9001,1250,43,85,200,939,3,60,200,IMG_0116.CR3,0.00047,0.00061,
94,21:21:46,9021,1600,40,103,200,976,3,42,200,IMG_0117.CR3,0.00047,0.00051,
95,21:21:59,9021,1250,39,96,200,980,3,38,200,IMG_0118.CR3,0.00044,0.00027,
96,21:22:12,9007,1600,38,89,200,961,3,44,200,IMG_0119.CR3,0.00043,0.00026,
97,21:22:25,8961,1250,39,89,200,920,3,39,200,IMG_0120.CR3,0.00043,0.00026,
98,21:22:38,9014,1600,35,147,200,975,3,36,200,IMG_0121.CR3,0.00043,0.00027,
99,21:22:51,9025,1250,40,141,200,980,4,43,200,IMG_0122.CR3,0.00044,0.00027,
100,21:23:04,9022,1600,36,137,200,970,3,50,200,IMG_0123.CR3,0.00043,0.00026,
101,21:23:17,8982,1250,34,126,200,944,3,36,200,IMG_0124.CR3,0.00044,0.00027,
102,21:23:30,9016,1600,46,146,200,978,3,36,200,IMG_0125.CR3,0.00043,0.00026,
103,21:23:43,9005,1250,37,149,200,960,3,42,200,IMG_0126.CR3,0.00044,0.00027,
104,21:23:56,9046,1600,46,150,200,999,3,46,200,IMG_0127.CR3,0.00043,0.00026,
105,21:24:09,8983,1250,37,113,200,944,3,38,200,IMG_0128.CR3,0.00043,0.00027,
106,21:24:22,9051,1600,33,154,200,995,3,55,200,IMG_0129.CR3,0.00043,0.00026,
107,21:24:35,8976,1250,40,103,200,930,3,44,200,IMG_0130.CR3,0.00043,0.00027,
108,21:24:48,9005,1600,44,144,200,962,3,42,200,IMG_0131.CR3,0.00043,0.00026,
109,21:25:01,9018,1250,35,157,200,981,3,36,200,IMG_0132.CR3,0.00043,0.00027,
110,21:25:14,9027,1600,41,150,200,984,3,40,200,IMG_0133.CR3,0.00043,0.00026,
111,21:25:27,8989,1250,38,131,200,943,3,44,200,IMG_0134.CR3,0.00043,0.00027,
112,21:25:40,9016,1600,45,147,200,978,3,38,200,IMG_0135.CR3,0.00043,0.00026,
113,21:25:53,9018,1250,35,150,200,972,4,44,200,IMG_0136.CR3,0.00044,0.00027,
114,21:26:06,9030,1600,45,132,200,981,4,47,200,IMG_0137.CR3,0.00043,0.00027,
115,21:26:19,9011,1250,43,126,200,961,3,47,200,IMG_0138.CR3,0.00043,0.00027,
116,21:26:32,8997,1600,41,135,200,952,3,44,200,IMG_0139.CR3,0.00043,0.00027,
117,21:26:45,8988,1250,42,138,200,943,3,44,200,IMG_0140.CR3,0.00043,0.00027,
118,21:26:58,9045,1600,36,169,200,998,3,45,200,IMG_0141.CR3,0.00042,0.00025,
119,21:27:11,8993,1250,33,144,200,954,4,37,200,IMG_0142.CR3,0.00044,0.00027,
120,21:27:24,9022,1600,35,158,200,983,4,37,200,IMG_0143.CR3,0.00043,0.00026,
121,21:27:37,8999,1250,39,145,200,958,3,40,200,IMG_0144.CR3,0.00043,0.00027,
122,21:27:50,9020,1600,40,153,200,979,3,38,200,IMG_0145.CR3,0.00043,0.00026,
123,21:28:03,9015,1250,45,144,200,972,3,40,200,IMG_0146.CR3,0.00044,0.00027,
124,21:28:16,9022,1600,47,136,200,979,3,42,200,IMG_0147.CR3,0.00043,0.00026,
125,21:28:29,8994,1250,38,131,200,953,3,38,200,IMG_0148.CR3,0.00043,0.00027,
126,21:28:42,9005,1600,42,141,200,965,4,36,200,IMG_0149.CR3,0.00043,0.00026,
127,21:28:55,9018,1250,44,146,200,977,3,39,200,IMG_0150.CR3,0.00044,0.00027,
128,21:29:08,9061,1600,45,140,200,1008,3,53,200,IMG_0151.CR3,0.00043,0.00026,
129,21:29:21,8972,1250,42,102,200,925,3,44,200,IMG_0152.CR3,0.00044,0.00027,
130,21:29:34,9027,1600,42,143,200,978,3,47,200,IMG_0153.CR3,0.00043,0.00026,
131,21:29:47,8982,1250,38,128,200,945,3,34,200,IMG_0154.CR3,0.00043,0.00026,
132,21:30:00,9044,1600,50,147,200,996,4,47,200,IMG_0155.CR3,0.00043,0.00026,
133,21:30:13,8991,1250,37,130,200,952,4,38,200,IMG_0156.CR3,0.00043,0.00027,
134,21:30:26,9020,1600,33,151,200,981,3,37,200,IMG_0157.CR3,0.00043,0.00026,
135,21:30:39,9001,1250,39,134,200,954,3,45,200,IMG_0158.CR3,0.00043,0.00027,
136,21:30:52,9030,1600,38,146,200,985,3,43,200,IMG_0159.CR3,0.00043,0.00026,
137,21:31:05,8983,1250,33,142,200,943,3,38,200,IMG_0160.CR3,0.00044,0.00027,
138,21:31:18,9024,1600,35,168,200,985,3,37,200,IMG_0161.CR3,0.00044,0.00027,
139,21:31:32,9018,1250,40,154,200,981,3,37,200,IMG_0162.CR3,0.00044,0.00027,
140,21:31:45,8997,1600,37,150,200,961,3,35,200,IMG_0163.CR3,0.00043,0.00026,
141,21:31:58,9023,1250,35,170,200,980,3,42,200,IMG_0164.CR3,0.00043,0.00027,
142,21:32:11,9038,1600,38,155,200,991,3,46,200,IMG_0165.CR3,0.00043,0.00026,
143,21:32:24,8993,1250,52,138,200,950,3,41,200,IMG_0166.CR3,0.00044,0.00027,
144,21:32:37,9021,1600,41,143,200,976,3,44,200,IMG_0167.CR3,0.00043,0.00027,
145,21:32:50,8994,1250,39,132,200,948,3,45,200,IMG_0168.CR3,0.00044,0.00027,
146,21:33:03,9032,1600,40,144,200,991,3,39,200,IMG_0169.CR3,0.00043,0.00026,
147,21:33:16,8995,1250,39,139,200,958,4,36,200,IMG_0170.CR3,0.00044,0.00027,
148,21:33:29,9031,1600,32,153,200,983,3,47,200,IMG_0171.CR3,0.00043,0.00026,
149,21:33:42,8998,1250,40,128,200,954,3,43,200,IMG_0172.CR3,0.00044,0.00027,
150,21:33:55,9037,1600,40,145,200,989,3,47,200,IMG_0173.CR3,0.00043,0.00026,
151,21:34:08,8991,1250,35,117,200,950,3,38,200,IMG_0174.CR3,0.00044,0.00027,
152,21:34:21,9013,1600,44,133,200,972,3,39,200,IMG_0175.CR3,0.00043,0.00026,
153,21:34:34,8996,1250,46,141,200,953,3,41,200,IMG_0176.CR3,0.00044,0.00027,
154,21:34:47,9021,1600,41,159,200,981,3,39,200,IMG_0177.CR3,0.00043,0.00027,
155,21:35:00,9016,1250,41,148,200,978,3,37,200,IMG_0178.CR3,0.00044,0.00027,
156,21:35:13,9033,1600,46,140,200,983,3,48,200,IMG_0179.CR3,0.00043,0.00027,
157,21:35:26,8994,1250,37,119,200,952,3,39,200,IMG_0180.CR3,0.00043,0.00027,
158,21:35:39,9006,1600,39,142,200,965,3,38,200,IMG_0181.CR3,0.00043,0.00026,
159,21:35:52,9001,1250,39,148,200,956,3,43,200,IMG_0182.CR3,0.00044,0.00027,
160,21:36:05,9034,1600,44,145,200,987,3,46,200,IMG_0183.CR3,0.00043,0.00026,
161,21:36:18,8988,1250,32,139,200,949,4,37,200,IMG_0184.CR3,0.00044,0.00027,
162,21:36:31,9040,1600,46,145,200,993,3,45,200,IMG_0185.CR3,0.00043,0.00026,
163,21:36:44,9007,1250,42,124,200,964,3,42,200,IMG_0186.CR3,0.00044,0.00027,
164,21:36:57,9017,1600,37,137,200,976,4,40,200,IMG_0187.CR3,0.00044,0.00027,
165,21:37:10,8976,1250,37,129,200,934,3,41,200,IMG_0188.CR3,0.00043,0.00027,
166,21:37:23,9045,1600,37,166,200,1003,3,42,200,IMG_0189.CR3,0.00043,0.00026,
167,21:37:36,8991,1250,37,136,200,949,3,39,200,IMG_0190.CR3,0.00043,0.00027,
168,21:37:49,9027,1600,41,145,200,986,3,39,200,IMG_0191.CR3,0.00044,0.00027,
169,21:38:02,8991,1250,42,135,200,952,3,37,200,IMG_0192.CR3,0.00044,0.00027,
170,21:38:15,9055,1600,44,156,200,1003,4,51,200,IMG_0193.CR3,0.00043,0.00026,
171,21:38:28,8976,1250,38,109,200,936,3,39,200,IMG_0194.CR3,0.00043,0.00027,
172,21:38:41,9015,1600,40,148,200,971,3,42,200,IMG_0195.CR3,0.00043,0.00027,
173,21:38:54,9031,1250,49,135,200,979,3,49,200,IMG_0196.CR3,0.00044,0.00027,
174,21:39:07,9009,1600,39,128,200,959,3,49,200,IMG_0197.CR3,0.00043,0.00027,
175,21:39:20,9000,1250,41,128,200,961,4,37,200,IMG_0198.CR3,0.00044,0.00027,
176,21:39:33,9007,1600,39,150,200,966,4,38,200,IMG_0199.CR3,0.00043,0.00026,
177,21:39:46,9036,1250,36,157,200,986,3,47,200,IMG_0200.CR3,0.00044,0.00027,
178,21:39:59,9000,1600,44,113,200,960,3,40,200,IMG_0201.CR3,0.00043,0.00026,
179,21:40:12,8991,1250,38,131,200,946,3,43,200,IMG_0202.CR3,0.00044,0.00027,
180,21:40:25,9022,1600,42,149,200,976,3,44,200,IMG_0203.CR3,0.00043,0.00026,
181,21:40:38,9014,1250,38,146,200,972,4,39,200,IMG_0204.CR3,0.00044,0.00027,
182,21:40:51,9040,1600,41,137,200,985,4,53,200,IMG_0205.CR3,0.00044,0.00027,
183,21:41:04,8965,1250,36,121,200,928,3,36,200,IMG_0206.CR3,0.00044,0.00027,
184,21:41:17,9032,1600,40,163,200,992,3,38,200,IMG_0207.CR3,0.00043,0.00027,
185,21:41:30,8998,1250,40,141,200,951,3,45,200,IMG_0208.CR3,0.00044,0.00027,
186,21:41:43,9018,1600,39,156,200,980,3,37,200,IMG_0209.CR3,0.00043,0.00027,
187,21:41:56,9023,1250,44,145,200,978,3,44,200,IMG_0210.CR3,0.00044,0.00027,
188,21:42:09,9027,1600,42,134,200,978,3,47,200,IMG_0211.CR3,0.00044,0.00027,
189,21:42:22,8992,1250,39,124,200,948,3,41,200,IMG_0212.CR3,0.00043,0.00027,
190,21:42:35,9019,1600,36,157,200,978,3,40,200,IMG_0213.CR3,0.00043,0.00027,
191,21:42:48,9006,1250,44,134,200,966,3,37,200,IMG_0214.CR3,0.00044,0.00027,
192,21:43:01,9044,1600,47,136,200,991,3,51,200,IMG_0215.CR3,0.00044,0.00027,
193,21:43:14,8967,1250,37,112,200,926,3,39,200,IMG_0216.CR3,0.00044,0.00027,
194,21:43:27,9023,1600,38,159,200,986,3,37,200,IMG_0217.CR3,0.00044,0.00027,
195,21:43:40,9011,1250,33,151,200,972,4,39,200,IMG_0218.CR3,0.00043,0.00027,
196,21:43:53,9043,1600,48,136,200,992,3,48,200,IMG_0219.CR3,0.00043,0.00026,
197,21:44:06,8973,1250,36,114,200,932,3,38,200,IMG_0220.CR3,0.00044,0.00027,
198,21:44:19,9022,1600,44,156,200,985,3,35,200,IMG_0221.CR3,0.00043,0.00027,
199,21:44:32,9001,1250,44,142,200,955,3,44,200,IMG_0222.CR3,0.00044,0.00027,
200,21:44:45,9030,1600,48,143,200,984,3,45,200,IMG_0223.CR3,0.00043,0.00027,
201,21:44:58,9006,1250,40,133,200,960,3,43,200,IMG_0224.CR3,0.00044,0.00027,
202,21:45:11,9037,1600,49,135,200,983,3,51,200,IMG_0225.CR3,0.00043,0.00027,
203,21:45:24,8984,1250,39,119,200,938,3,44,200,IMG_0226.CR3,0.00043,0.00026,
204,21:45:37,9007,1600,51,133,200,963,3,40,200,IMG_0227.CR3,0.00043,0.00027,
205,21:45:50,9028,1250,45,139,200,988,3,38,200,IMG_0228.CR3,0.00044,0.00027,
206,21:46:03,9006,1600,36,134,200,967,3,39,200,IMG_0229.CR3,0.00043,0.00026,
207,21:46:16,8994,1250,43,143,200,957,3,36,200,IMG_0230.CR3,0.00044,0.00027,
208,21:46:29,9028,1600,33,170,200,988,3,38,200,IMG_0231.CR3,0.00043,0.00027,
209,21:46:42,9005,1250,38,144,200,965,4,38,200,IMG_0232.CR3,0.00044,0.00027,
210,21:46:55,9054,1600,41,143,200,999,3,54,200,IMG_0233.CR3,0.00043,0.00026,
211,21:47:08,8983,1250,38,105,200,935,3,44,200,IMG_0234.CR3,0.00044,0.00027,
212,21:47:21,9014,1600,45,135,200,971,3,41,200,IMG_0235.CR3,0.00043,0.00027,
213,21:47:34,8987,1250,41,132,200,948,3,36,200,IMG_0236.CR3,0.00043,0.00027,
214,21:47:47,9034,1600,35,167,200,990,4,42,200,IMG_0237.CR3,0.00043,0.00027,
215,21:48:00,9008,1250,41,145,200,968,3,38,200,IMG_0238.CR3,0.00044,0.00027,
216,21:48:14,9055,1600,37,152,200,997,3,57,200,IMG_0239.CR3,0.00043,0.00027,
217,21:48:27,8973,1250,32,108,200,931,3,41,200,IMG_0240.CR3,0.00044,0.00027,
218,21:48:40,9008,1600,44,145,200,970,3,37,200,IMG_0241.CR3,0.00043,0.00027,
219,21:48:53,9052,1250,39,146,200,995,3,56,200,IMG_0242.CR3,0.00043,0.00027,
220,21:49:06,8986,1600,37,106,200,939,4,45,200,IMG_0243.CR3,0.00043,0.00027,
221,21:50:00,50504,1250,35,130,200,42504,4,0,0,IMG_0243.CR3,-1.00000,-1.00000,通知なし
222,21:50:52,48125,1600,37,25,503,40124,1,0,0,IMG_0243.CR3,-1.00000,-1.00000,通知なし
223,21:51:44,48139,1250,38,18,503,40139,1,0,0,IMG_0243.CR3,-1.00000,-1.00000,通知なし
