n,time,elapsed_s,shutter_ms,shutter_try,shutter_status,wait_ms,polls,list_ms,thumb_ms,thumb_bytes,note
1,20:35:37,3,74,1,200,19,1,24,14,7218,
2,20:35:52,18,77,1,200,11,1,128,33,7179,
3,20:36:07,33,84,1,200,96,1,67,40,7197,
4,20:36:23,49,100,1,200,100,1,534,26,7197,
5,20:36:38,63,234,1,200,13,1,160,35,7225,
6,20:36:52,78,81,1,200,14,1,95,32,7193,
7,20:37:07,93,92,1,200,9,1,42,17,7204,
8,20:37:23,109,82,1,200,31,1,50,16,7176,
9,20:37:37,123,81,1,200,11,1,56,15,7211,
10,20:37:52,138,83,1,200,12,1,58,15,7209,
11,20:38:07,153,128,1,200,31,1,79,16,7195,
12,20:38:23,169,116,1,200,22,1,197,366,7180,
13,20:38:38,184,175,1,200,97,1,197,32,7163,
14,20:38:53,198,77,1,200,11,1,265,32,7179,
15,20:39:08,213,88,1,200,62,1,229,42,7210,
16,20:39:23,229,172,1,200,22,1,695,36,7186,
17,20:39:38,243,99,1,200,12,1,238,32,7208,
18,20:39:53,258,82,1,200,10,1,273,30,7189,
19,20:40:08,273,97,1,200,12,1,230,37,7183,
20,20:40:23,289,130,1,200,11,1,332,244,7210,
21,20:40:38,304,97,1,200,111,1,289,39,7191,
22,20:40:53,319,110,1,200,12,1,326,43,7232,
23,20:41:08,333,120,1,200,10,1,297,33,7208,
24,20:41:23,349,76,1,200,13,1,122,513,7191,
25,20:41:38,364,90,1,200,74,1,262,40,7170,
26,20:41:53,379,182,1,200,11,1,363,41,7190,
27,20:42:08,394,103,1,200,99,1,309,28,7219,
28,20:42:23,409,99,1,200,18,1,364,202,7220,
29,20:42:38,424,98,1,200,30,1,302,37,7182,
30,20:42:53,439,126,1,200,16,1,440,36,7153,
31,20:43:08,453,89,1,200,25,1,274,38,7204,
32,20:43:23,469,102,1,200,13,1,283,291,7176,
33,20:43:38,484,192,1,200,14,1,397,35,7186,
34,20:43:53,499,116,1,200,18,1,384,42,7185,
35,20:44:08,514,92,1,200,11,1,403,31,7193,
36,20:44:23,529,102,1,200,569,1,405,40,7170,
37,20:44:38,544,111,1,200,11,1,439,38,7172,
38,20:44:52,558,86,1,200,15,1,137,15,7195,
39,20:45:08,574,154,1,200,10,1,375,35,7193,
40,20:45:23,589,83,1,200,532,1,365,44,7208,
41,20:45:38,604,191,1,200,10,1,374,45,7198,
42,20:45:53,619,76,1,200,24,1,457,46,7230,
43,20:46:08,634,106,1,200,16,1,491,36,7195,
44,20:46:23,649,92,1,200,15,1,884,38,7196,
45,20:46:38,664,99,1,200,23,1,578,32,7190,
46,20:46:53,679,101,1,200,20,1,355,35,7197,
47,20:47:08,693,74,1,200,15,1,345,34,7196,
48,20:47:23,709,101,1,200,16,1,1010,54,7198,
49,20:47:38,724,92,1,200,105,1,420,27,7183,
50,20:47:53,739,82,1,200,10,1,504,34,7165,
51,20:48:08,754,102,1,200,113,1,566,33,7193,
52,20:48:23,769,105,1,200,24,1,991,47,7201,
53,20:48:38,784,87,1,200,11,1,636,33,7174,
54,20:48:53,799,110,1,200,14,1,404,33,7160,
55,20:49:08,814,87,1,200,32,1,421,38,7197,
56,20:49:23,829,68,1,200,18,1,663,37,7176,
57,20:49:38,844,89,1,200,23,1,474,30,7181,
58,20:49:53,859,140,1,200,30,1,631,65,7221,
59,20:50:08,874,105,1,200,29,1,489,40,7210,
60,20:50:24,889,151,1,200,553,1,633,38,7204,
61,20:50:38,903,78,1,200,10,1,346,34,7171,
62,20:50:53,919,111,1,200,15,1,396,32,7214,
63,20:51:08,934,99,1,200,18,1,593,26,7188,
64,20:51:24,949,77,1,200,100,1,1156,34,7199,
65,20:51:38,964,104,1,200,91,1,538,62,7176,
66,20:51:53,979,101,1,200,11,1,736,33,7177,
67,20:52:08,994,84,1,200,11,1,590,49,7187,
68,20:52:24,1009,128,1,200,572,1,718,43,7187,
69,20:52:38,1024,97,1,200,13,1,770,39,7208,
70,20:52:53,1039,122,1,200,26,1,448,38,7194,
71,20:53:08,1054,76,1,200,16,1,452,34,7166,
72,20:53:23,1069,84,1,200,11,1,791,46,7217,
73,20:53:38,1084,93,1,200,15,1,829,39,7197,
74,20:53:53,1099,98,1,200,15,1,819,43,7186,
75,20:54:08,1114,84,1,200,105,1,757,41,7164,
76,20:54:23,1129,83,1,200,30,1,851,41,7188,
77,20:54:38,1144,72,1,200,23,1,469,38,7185,
78,20:54:53,1159,110,1,200,11,1,604,29,7203,
79,20:55:08,1174,115,1,200,10,1,724,34,7202,
80,20:55:24,1189,90,1,200,140,1,1191,34,7188,
81,20:55:38,1204,90,1,200,12,1,889,32,7189,
82,20:55:53,1219,97,1,200,10,1,940,35,7175,
83,20:56:08,1234,96,1,200,11,1,867,30,7189,
84,20:56:24,1250,104,1,200,16,1,1309,59,7198,
85,20:56:38,1264,98,1,200,34,1,790,42,7188,
86,20:56:53,1279,94,1,200,11,1,726,30,7148,
87,20:57:08,1294,101,1,200,16,1,979,43,7174,
88,20:57:23,1309,112,1,200,11,1,929,35,7204,
89,20:57:38,1324,92,1,200,19,1,961,30,7189,
90,20:57:53,1339,95,1,200,24,1,960,39,7182,
91,20:58:08,1354,94,1,200,20,1,989,37,7161,
92,20:58:24,1370,106,1,200,77,1,1411,40,7217,
93,20:58:38,1384,59,1,200,25,1,1051,43,7211,
94,20:58:53,1399,93,1,200,11,1,870,34,7196,
95,20:59:08,1414,86,1,200,32,1,932,41,7176,
96,20:59:24,1430,126,1,200,26,1,1437,36,7177,
97,20:59:39,1444,88,1,200,31,1,1165,36,7208,
98,20:59:53,1459,88,1,200,11,1,1014,36,7212,
99,21:00:08,1474,118,1,200,10,1,1058,26,7205,
100,21:00:24,1490,79,1,200,73,1,1514,29,7175,
101,21:00:37,1503,100,1,200,15,1,18,20,7184,
102,21:00:52,1518,122,1,200,13,1,30,31,7090,
103,21:01:08,1533,85,1,200,14,1,135,39,7094,
104,21:01:23,1549,102,1,200,461,1,76,28,970,
105,21:01:38,1563,102,1,200,52,1,117,42,970,
106,21:01:52,1578,92,1,200,15,1,105,30,970,
107,21:02:08,1593,84,1,200,28,1,133,35,1037,
108,21:02:23,1609,111,1,200,468,1,113,46,970,
109,21:02:38,1623,87,1,200,82,1,152,52,970,
110,21:02:53,1638,81,1,200,87,1,150,56,970,
111,21:03:08,1653,81,1,200,25,1,86,135,970,
112,21:03:23,1669,104,1,200,483,1,169,37,970,
113,21:03:37,1683,99,1,200,11,1,77,17,970,
114,21:03:52,1698,78,1,200,17,1,82,20,970,
115,21:04:08,1713,98,1,200,19,1,235,57,970,
116,21:04:23,1729,125,1,200,283,1,396,43,970,
117,21:04:38,1743,87,1,200,78,1,226,43,970,
118,21:04:53,1758,70,1,200,73,1,241,32,970,
119,21:05:08,1773,91,1,200,37,1,222,39,978,
120,21:05:23,1789,78,1,200,510,1,262,45,970,
121,21:05:38,1803,93,1,200,19,1,266,34,970,
122,21:05:53,1819,137,1,200,81,1,241,32,970,
123,21:06:08,1833,93,1,200,28,1,270,33,970,
124,21:06:23,1849,94,1,200,491,1,296,63,970,
125,21:06:38,1864,182,1,200,17,1,244,39,970,
126,21:06:53,1878,85,1,200,31,1,258,35,970,
127,21:07:08,1894,188,1,200,38,1,341,58,970,
128,21:07:23,1909,92,1,200,281,1,503,57,970,
129,21:07:38,1924,75,1,200,62,1,310,33,970,
130,21:07:53,1939,89,1,200,21,1,367,28,970,
131,21:08:08,1954,107,1,200,65,1,339,23,970,
132,21:08:23,1969,106,1,200,482,1,342,31,970,
133,21:08:38,1984,122,1,200,38,1,418,47,978,
134,21:08:53,1999,101,1,200,20,1,339,33,970,
135,21:09:08,2014,120,1,200,89,1,359,40,970,
136,21:09:23,2029,113,1,200,494,1,417,41,970,
137,21:09:38,2044,158,1,200,16,1,275,41,970,
138,21:09:53,2059,81,1,200,20,1,283,51,970,
139,21:10:08,2074,76,1,200,18,1,356,26,970,
140,21:10:23,2089,81,1,200,293,1,393,34,970,
141,21:10:38,2104,117,1,200,48,1,415,37,970,
142,21:10:53,2119,188,1,200,33,1,470,36,970,
143,21:11:08,2134,93,1,200,45,1,408,36,970,
144,21:11:23,2149,112,1,200,493,1,413,29,1018,
145,21:11:38,2164,84,1,200,25,1,537,44,970,
146,21:11:53,2179,102,1,200,85,1,423,44,970,
147,21:12:08,2194,97,1,200,26,1,436,30,975,
148,21:12:23,2209,125,1,200,91,1,818,32,970,
149,21:12:38,2224,85,1,200,18,1,312,33,970,
150,21:12:53,2239,85,1,200,20,1,375,36,970,
151,21:13:08,2254,82,1,200,18,1,472,41,970,
152,21:13:23,2269,88,1,200,41,1,616,35,970,
153,21:13:38,2284,120,1,200,16,1,492,45,970,
154,21:13:53,2299,78,1,200,31,1,497,34,979,
155,21:14:08,2314,76,1,200,38,1,504,36,970,
156,21:14:23,2329,85,1,200,47,1,788,28,970,
157,21:14:38,2344,90,1,200,75,1,512,60,970,
158,21:14:53,2359,59,1,200,85,1,637,53,970,
159,21:15:08,2374,175,1,200,78,1,511,30,1035,
160,21:15:23,2389,99,1,200,192,1,686,42,970,
161,21:15:38,2404,112,1,200,100,1,512,54,970,
162,21:15:53,2419,87,1,200,21,1,531,34,975,
163,21:16:08,2434,200,1,200,15,1,604,33,977,
164,21:16:23,2449,89,1,200,232,1,791,39,970,
165,21:16:38,2464,79,1,200,25,1,531,49,970,
166,21:16:53,2479,100,1,200,33,1,621,42,970,
167,21:17:08,2494,129,1,200,105,1,568,37,970,
168,21:17:23,2509,128,1,200,117,1,890,32,970,
169,21:17:38,2524,113,1,200,31,1,737,50,970,
170,21:17:53,2539,132,1,200,34,1,569,61,970,
171,21:18:08,2554,95,1,200,72,1,608,52,970,
172,21:18:23,2569,60,1,200,208,1,891,42,970,
173,21:18:38,2584,162,1,200,56,1,770,65,970,
174,21:18:53,2599,99,1,200,20,1,763,39,970,
175,21:19:08,2614,128,1,200,18,1,872,33,970,
176,21:19:23,2629,95,1,200,117,1,873,32,970,
177,21:19:38,2644,95,1,200,13,1,547,39,973,
178,21:19:53,2659,103,1,200,11,1,694,59,970,
179,21:20:08,2674,102,1,200,23,1,809,44,977,
180,21:20:24,2689,78,1,200,151,1,974,19,974,
181,21:20:38,2704,89,1,200,98,1,854,47,970,
182,21:20:53,2719,85,1,200,48,1,883,65,970,
183,21:21:08,2734,127,1,200,29,1,837,44,970,
184,21:21:23,2749,96,1,200,93,1,895,28,970,
185,21:21:38,2764,139,1,200,66,1,872,37,970,
186,21:21:53,2779,82,1,200,44,1,877,31,970,
187,21:22:08,2794,109,1,200,36,1,964,52,975,
188,21:22:24,2809,96,1,200,146,1,1006,38,970,
189,21:22:38,2824,117,1,200,23,1,798,63,973,
190,21:22:53,2839,99,1,200,25,1,801,38,970,
191,21:23:08,2854,94,1,200,21,1,880,37,970,
192,21:23:24,2869,93,1,200,124,1,1085,46,970,
193,21:23:39,2885,203,1,200,25,1,1135,43,970,
194,21:23:53,2899,97,1,200,72,1,936,41,974,
195,21:24:08,2914,100,1,200,44,1,968,44,970,
196,21:24:24,2929,92,1,200,136,1,1021,33,970,
197,21:24:39,2944,92,1,200,29,1,1197,32,970,
198,21:24:54,2959,119,1,200,77,1,999,32,970,
199,21:25:09,2974,97,1,200,77,1,1032,62,970,
200,21:25:24,2990,80,1,200,153,1,1331,28,970,
201,21:25:38,3003,90,1,200,80,1,34,40,970,
202,21:25:53,3018,92,1,200,25,1,26,133,977,
203,21:26:08,3033,162,1,200,20,1,32,23,981,
204,21:26:23,3049,81,1,200,206,1,333,26,970,
205,21:26:38,3063,179,1,200,28,1,48,109,991,
206,21:26:53,3078,101,1,200,24,1,115,53,970,
207,21:27:08,3093,114,1,200,111,1,123,40,970,
208,21:27:23,3109,93,1,200,137,1,136,146,970,
209,21:27:38,3124,191,1,200,77,1,148,54,970,
210,21:27:53,3138,88,1,200,24,1,169,34,970,
211,21:28:08,3154,92,1,200,104,1,167,58,970,
212,21:28:23,3169,95,1,200,153,1,488,30,970,
213,21:28:38,3184,186,1,200,66,1,208,33,970,
214,21:28:53,3199,93,1,200,96,1,207,48,970,
215,21:29:08,3214,89,1,200,21,1,294,32,970,
216,21:29:23,3229,84,1,200,208,1,368,23,970,
217,21:29:38,3243,116,1,200,17,1,194,51,970,
218,21:29:53,3259,94,1,200,18,1,265,48,970,
219,21:30:08,3273,85,1,200,23,1,230,38,970,
220,21:30:23,3289,108,1,200,164,1,423,34,970,
221,21:30:38,3304,91,1,200,68,1,311,21,970,
222,21:30:53,3319,90,1,200,80,1,262,42,970,
223,21:31:08,3334,196,1,200,39,1,272,53,970,
224,21:31:23,3349,102,1,200,135,1,324,40,970,
225,21:31:38,3364,118,1,200,92,1,299,38,970,
226,21:31:53,3379,81,1,200,98,1,318,46,970,
227,21:32:08,3394,85,1,200,83,1,334,48,970,
228,21:32:23,3409,84,1,200,205,1,419,51,970,
229,21:32:38,3424,93,1,200,20,1,349,46,970,
230,21:32:53,3439,109,1,200,15,1,414,36,970,
231,21:33:08,3454,103,1,200,23,1,342,40,970,
232,21:33:23,3469,82,1,200,132,1,548,60,970,
233,21:33:38,3484,116,1,200,77,1,437,35,970,
234,21:33:53,3499,121,1,200,31,1,362,43,970,
235,21:34:08,3514,89,1,200,87,1,385,35,970,
236,21:34:23,3529,69,1,200,175,1,529,52,970,
237,21:34:38,3544,105,1,200,49,1,383,52,970,
238,21:34:53,3559,97,1,200,52,1,385,41,970,
239,21:35:08,3574,122,1,200,91,1,463,31,970,
240,21:35:23,3589,80,1,200,152,1,403,41,975,
241,21:35:38,3604,79,1,200,63,1,395,63,970,
242,21:35:53,3619,111,1,200,36,1,487,34,970,
243,21:36:08,3634,77,1,200,17,1,427,38,970,
244,21:36:23,3649,123,1,200,44,1,597,41,970,
245,21:36:38,3664,104,1,200,22,1,546,30,970,
246,21:36:53,3679,101,1,200,23,1,437,32,970,
247,21:37:08,3694,100,1,200,38,1,440,31,986,
248,21:37:23,3709,140,1,200,365,1,568,32,970,
249,21:37:38,3724,106,1,200,69,1,486,80,970,
250,21:37:53,3739,101,1,200,97,1,475,29,970,
251,21:38:08,3754,104,1,200,29,1,590,40,970,
252,21:38:23,3769,129,1,200,50,1,772,23,970,
253,21:38:38,3784,90,1,200,69,1,603,50,970,
254,21:38:53,3799,96,1,200,16,1,365,42,970,
255,21:39:08,3814,122,1,200,25,1,552,26,970,
256,21:39:23,3829,120,1,200,63,1,743,41,970,
257,21:39:38,3844,101,1,200,24,1,539,46,970,
258,21:39:53,3859,183,1,200,82,1,672,57,970,
259,21:40:08,3874,101,1,200,49,1,546,59,970,
260,21:40:23,3889,98,1,200,103,1,817,42,970,
261,21:40:38,3904,87,1,200,32,1,543,29,970,
262,21:40:53,3919,113,1,200,74,1,571,63,970,
263,21:41:08,3934,89,1,200,80,1,710,52,970,
264,21:41:23,3949,109,1,200,96,1,731,24,970,
265,21:41:38,3964,96,1,200,80,1,591,45,970,
266,21:41:53,3979,100,1,200,93,1,714,44,970,
267,21:42:08,3994,82,1,200,25,1,595,39,970,
268,21:42:24,4009,88,1,200,196,1,858,61,970,
269,21:42:38,4024,109,1,200,18,1,824,32,970,
270,21:42:53,4039,151,1,200,25,1,638,54,970,
271,21:43:08,4054,90,1,200,118,1,625,39,970,
272,21:43:23,4069,90,1,200,124,1,846,32,981,
273,21:43:38,4084,106,1,200,66,1,806,53,970,
274,21:43:53,4099,103,1,200,30,1,766,62,970,
275,21:44:08,4114,131,1,200,85,1,827,37,970,
276,21:44:23,4129,85,1,200,116,1,824,46,970,
277,21:44:38,4144,110,1,200,30,1,654,49,970,
278,21:44:53,4159,99,1,200,35,1,793,32,970,
279,21:45:08,4174,91,1,200,29,1,835,34,970,
280,21:45:24,4189,121,1,200,164,1,937,48,970,
281,21:45:38,4204,102,1,200,17,1,793,35,970,
282,21:45:53,4219,90,1,200,26,1,903,31,976,
283,21:46:08,4234,94,1,200,18,1,840,32,970,
284,21:46:24,4249,90,1,200,142,1,998,38,977,
285,21:46:38,4264,103,1,200,65,1,910,36,970,
286,21:46:53,4279,80,1,200,34,1,904,48,970,
287,21:47:09,4294,120,1,200,31,1,991,46,970,
288,21:47:23,4309,144,1,200,38,1,902,54,970,
289,21:47:39,4324,93,1,200,72,1,955,41,970,
290,21:47:54,4339,186,1,200,93,1,932,63,970,
291,21:48:09,4354,120,1,200,21,1,969,57,970,
292,21:48:24,4370,129,1,200,368,1,1039,41,970,
293,21:48:39,4385,110,1,200,16,1,1267,32,970,
294,21:48:53,4399,109,1,200,17,1,942,48,970,
295,21:49:08,4414,109,1,200,13,1,977,39,970,
296,21:49:23,4429,102,1,200,105,1,853,28,970,
297,21:49:39,4445,87,1,200,20,1,1206,38,970,
298,21:49:54,4459,176,1,200,78,1,1012,54,970,
299,21:50:09,4474,97,1,200,78,1,1063,34,970,
300,21:50:24,4490,77,1,200,62,1,1429,33,970,
301,21:50:38,4503,104,1,200,28,1,41,35,970,
302,21:50:53,4518,121,1,200,84,1,54,58,970,
303,21:51:08,4533,102,1,200,96,1,65,36,978,
304,21:51:23,4549,96,1,200,78,1,357,28,970,
305,21:51:38,4563,95,1,200,33,1,102,47,970,
306,21:51:53,4578,107,1,200,74,1,122,24,970,
307,21:52:08,4593,92,1,200,21,1,63,128,970,
308,21:52:23,4609,156,1,200,313,1,140,45,970,
309,21:52:38,4624,120,1,200,34,1,238,45,970,
310,21:52:53,4639,201,1,200,21,1,74,127,970,
311,21:53:08,4654,98,1,200,32,1,172,54,970,
312,21:53:23,4669,127,1,200,87,1,354,46,970,
313,21:53:38,4684,102,1,200,25,1,197,43,970,
314,21:53:53,4699,105,1,200,32,1,225,42,976,
315,21:54:08,4714,106,1,200,20,1,237,38,970,
316,21:54:23,4729,135,1,200,211,1,293,40,970,
317,21:54:38,4744,84,1,200,82,1,233,41,981,
318,21:54:53,4759,100,1,200,27,1,297,31,970,
319,21:55:08,4774,128,1,200,26,1,275,25,970,
320,21:55:23,4789,86,1,200,20,1,276,127,970,
321,21:55:38,4804,88,1,200,22,1,310,44,970,
322,21:55:53,4819,111,1,200,22,1,285,41,970,
323,21:56:08,4834,103,1,200,18,1,275,31,970,
324,21:56:23,4849,96,1,200,30,1,335,225,970,
325,21:56:38,4864,98,1,200,75,1,312,25,970,
326,21:56:53,4879,70,1,200,69,1,315,55,970,
327,21:57:08,4894,103,1,200,33,1,352,32,970,
328,21:57:23,4909,93,1,200,29,1,342,435,970,
329,21:57:38,4924,104,1,200,35,1,317,42,970,
330,21:57:53,4939,98,1,200,82,1,427,35,970,
331,21:58:08,4954,70,1,200,31,1,341,36,970,
332,21:58:23,4969,82,1,200,79,1,371,322,970,
333,21:58:38,4984,90,1,200,15,1,439,43,970,
334,21:58:53,4999,88,1,200,26,1,341,46,970,
335,21:59:08,5014,85,1,200,19,1,386,45,970,
336,21:59:23,5029,97,1,200,212,1,661,40,970,
337,21:59:38,5044,98,1,200,76,1,404,34,970,
338,21:59:53,5059,109,1,200,63,1,409,55,970,
339,22:00:08,5074,85,1,200,66,1,499,40,970,
340,22:00:23,5089,97,1,200,150,1,437,36,970,
341,22:00:38,5104,83,1,200,25,1,439,44,970,
342,22:00:53,5119,106,1,200,32,1,500,49,970,
343,22:01:08,5134,79,1,200,79,1,438,55,970,
344,22:01:23,5149,110,1,200,174,1,602,45,970,
345,22:01:38,5164,113,1,200,24,1,561,47,970,
346,22:01:53,5179,117,1,200,19,1,545,39,970,
347,22:02:08,5194,93,1,200,24,1,420,33,980,
348,22:02:23,5209,105,1,200,149,1,736,58,970,
349,22:02:38,5224,106,1,200,23,1,509,47,970,
350,22:02:53,5239,115,1,200,28,1,438,52,970,
351,22:03:08,5254,90,1,200,30,1,628,55,970,
352,22:03:23,5269,97,1,200,207,1,638,37,970,
353,22:03:38,5284,102,1,200,67,1,629,44,970,
354,22:03:53,5299,91,1,200,38,1,513,26,970,
355,22:04:08,5314,104,1,200,58,1,554,46,970,
356,22:04:23,5329,103,1,200,165,1,783,41,970,
357,22:04:38,5344,92,1,200,85,1,542,35,970,
358,22:04:53,5359,79,1,200,40,1,696,45,970,
359,22:05:08,5374,97,1,200,74,1,547,39,970,
360,22:05:24,5390,190,1,200,255,1,892,41,970,
361,22:05:38,5404,100,1,200,25,1,466,47,970,
362,22:05:53,5419,109,1,200,15,1,519,42,970,
363,22:06:08,5434,79,1,200,28,1,654,40,970,
364,22:06:23,5449,111,1,200,122,1,767,51,970,
365,22:06:38,5464,92,1,200,24,1,610,31,976,
366,22:06:53,5479,94,1,200,74,1,740,29,970,
367,22:07:08,5494,69,1,200,42,1,600,40,970,
368,22:07:24,5509,90,1,200,81,1,929,27,970,
369,22:07:38,5524,118,1,200,99,1,789,47,970,
370,22:07:53,5539,100,1,200,85,1,605,60,970,
371,22:08:08,5554,92,1,200,30,1,656,55,970,
372,22:08:24,5570,137,1,200,58,1,1126,33,970,
373,22:08:38,5584,93,1,200,18,1,798,44,970,
374,22:08:53,5599,77,1,200,18,1,735,39,970,
375,22:09:08,5614,100,1,200,23,1,805,33,970,
376,22:09:23,5629,94,1,200,57,1,864,40,970,
377,22:09:38,5644,93,1,200,15,1,681,41,970,
378,22:09:53,5659,111,1,200,23,1,836,42,1002,
379,22:10:09,5674,137,1,200,75,1,888,62,970,
380,22:10:24,5689,89,1,200,90,1,1019,48,970,
381,22:10:39,5704,197,1,200,70,1,903,51,970,
382,22:10:54,5719,107,1,200,89,1,934,37,970,
383,22:11:09,5734,95,1,200,97,1,891,40,970,
384,22:11:24,5750,94,1,200,107,1,1061,38,970,
385,22:11:38,5764,58,1,200,22,1,906,55,970,
386,22:11:54,5779,93,1,200,33,1,933,59,970,
387,22:12:09,5794,182,1,200,23,1,999,41,970,
388,22:12:24,5809,95,1,200,66,1,1010,30,970,
389,22:12:39,5824,107,1,200,52,1,968,41,970,
390,22:12:54,5839,95,1,200,32,1,955,44,970,
391,22:13:09,5854,92,1,200,78,1,998,46,970,
392,22:13:24,5869,98,1,200,92,1,1059,34,970,
393,22:13:39,5885,92,1,200,72,1,1223,45,970,
394,22:13:54,5899,99,1,200,70,1,1000,28,970,
395,22:14:09,5915,190,1,200,72,1,1033,27,970,
396,22:14:24,5930,95,1,200,114,1,1077,27,970,
397,22:14:39,5945,105,1,200,65,1,1266,68,977,
398,22:14:53,5959,67,1,200,15,1,876,41,970,
399,22:15:09,5974,80,1,200,12,1,973,33,986,
400,22:15:24,5989,76,1,200,24,1,1063,39,978,
401,22:15:38,6003,114,1,200,23,1,32,24,970,
402,22:15:53,6018,94,1,200,11,1,48,25,970,
403,22:16:08,6034,81,1,200,97,1,82,37,970,
404,22:16:23,6049,76,1,200,86,1,127,162,970,
405,22:16:38,6063,89,1,200,30,1,98,41,970,
406,22:16:53,6079,94,1,200,75,1,111,54,980,
407,22:17:08,6094,106,1,200,93,1,124,37,980,
408,22:17:23,6109,87,1,200,48,1,171,79,970,
409,22:17:38,6124,83,1,200,32,1,138,42,970,
410,22:17:53,6139,96,1,200,51,1,173,39,970,
411,22:18:08,6153,98,1,200,25,1,71,36,970,
412,22:18:23,6169,109,1,200,26,1,88,228,970,
413,22:18:38,6184,101,1,200,38,1,83,124,970,
414,22:18:53,6198,90,1,200,15,1,86,24,970,
415,22:19:08,6214,204,1,200,14,1,98,41,970,
416,22:19:23,6229,91,1,200,28,1,471,40,970,
417,22:19:38,6244,107,1,200,58,1,237,40,970,
418,22:19:53,6259,102,1,200,27,1,270,41,970,
419,22:20:08,6274,102,1,200,24,1,245,29,970,
420,22:20:23,6289,95,1,200,105,1,439,41,970,
421,22:20:38,6304,96,1,200,81,1,296,40,970,
422,22:20:53,6319,82,1,200,30,1,292,41,1011,
423,22:21:08,6334,117,1,200,69,1,302,34,980,
424,22:21:23,6349,96,1,200,18,1,363,240,970,
425,22:21:38,6364,85,1,200,13,1,297,38,970,
426,22:21:53,6379,103,1,200,20,1,287,63,970,
427,22:22:08,6394,89,1,200,19,1,355,37,970,
428,22:22:23,6409,149,1,200,51,1,459,80,970,
429,22:22:38,6424,84,1,200,101,1,339,70,970,
430,22:22:53,6439,96,1,200,22,1,409,31,970,
431,22:23:08,6454,119,1,200,25,1,338,40,970,
432,22:23:23,6469,83,1,200,29,1,383,47,970,
433,22:23:38,6484,94,1,200,95,1,425,48,970,
434,22:23:53,6499,108,1,200,75,1,362,39,980,
435,22:24:08,6514,79,1,200,83,1,392,39,970,
436,22:24:23,6529,91,1,200,35,1,473,145,970,
437,22:24:38,6544,108,1,200,25,1,397,41,970,
438,22:24:53,6559,106,1,200,34,1,371,45,970,
439,22:25:08,6574,104,1,200,21,1,373,33,970,
440,22:25:23,6589,101,1,200,21,1,350,212,970,
441,22:25:38,6604,106,1,200,22,1,396,52,999,
442,22:25:53,6619,110,1,200,22,1,522,42,970,
443,22:26:08,6634,103,1,200,67,1,433,42,970,
444,22:26:23,6649,92,1,200,17,1,455,222,970,
445,22:26:38,6664,105,1,200,41,1,575,48,970,
446,22:26:53,6679,94,1,200,103,1,468,32,981,
447,22:27:08,6694,95,1,200,81,1,499,40,970,
448,22:27:23,6709,85,1,200,90,1,601,84,970,
449,22:27:38,6724,89,1,200,78,1,498,48,970,
450,22:27:53,6739,84,1,200,21,1,520,40,970,
451,22:28:08,6754,107,1,200,28,1,518,36,970,
452,22:28:23,6769,101,1,200,31,1,467,168,970,
453,22:28:38,6784,108,1,200,36,1,605,34,970,
454,22:28:53,6799,106,1,200,29,1,560,34,970,
455,22:29:08,6814,106,1,200,36,1,564,43,970,
456,22:29:23,6829,91,1,200,100,1,661,76,970,
457,22:29:38,6844,93,1,200,52,1,549,50,970,
458,22:29:53,6859,90,1,200,76,1,734,41,970,
459,22:30:08,6874,68,1,200,32,1,566,31,970,
460,22:30:23,6889,100,1,200,83,1,702,99,970,
461,22:30:38,6904,92,1,200,87,1,587,40,970,
462,22:30:53,6919,113,1,200,30,1,605,37,970,
463,22:31:08,6934,144,1,200,91,1,739,30,970,
464,22:31:23,6949,93,1,200,13,1,661,45,970,
465,22:31:38,6964,107,1,200,33,1,565,39,970,
466,22:31:53,6979,103,1,200,27,1,696,46,970,
467,22:32:08,6994,91,1,200,17,1,604,44,970,
468,22:32:23,7009,114,1,200,25,1,730,58,970,
469,22:32:38,7024,112,1,200,79,1,794,41,970,
470,22:32:53,7039,100,1,200,70,1,629,45,970,
471,22:33:08,7054,101,1,200,67,1,657,44,982,
472,22:33:24,7070,187,1,200,114,1,972,45,970,
473,22:33:38,7084,91,1,200,25,1,845,41,970,
474,22:33:54,7099,102,1,200,90,1,827,35,970,
475,22:34:09,7114,93,1,200,63,1,871,43,970,
476,22:34:23,7129,96,1,200,79,1,842,21,981,
477,22:34:38,7144,71,1,200,23,1,690,52,970,
478,22:34:53,7159,91,1,200,13,1,765,44,970,
479,22:35:09,7174,99,1,200,41,1,935,43,978,
480,22:35:24,7189,90,1,200,27,1,926,41,970,
481,22:35:39,7204,103,1,200,30,1,915,33,970,
482,22:35:54,7220,134,1,200,102,1,974,35,970,
483,22:36:09,7234,75,1,200,90,1,896,38,970,
484,22:36:24,7249,99,1,200,85,1,935,50,970,
485,22:36:39,7264,94,1,200,26,1,901,47,970,
486,22:36:54,7279,119,1,200,24,1,974,48,970,
487,22:37:09,7294,81,1,200,74,1,1011,53,970,
488,22:37:24,7309,93,1,200,101,1,932,29,970,
489,22:37:39,7325,121,1,200,83,1,1005,66,970,
490,22:37:54,7339,109,1,200,22,1,1035,38,970,
491,22:38:09,7354,99,1,200,21,1,1032,39,970,
492,22:38:24,7369,92,1,200,34,1,991,38,970,
493,22:38:39,7385,94,1,200,41,1,1207,40,970,
494,22:38:54,7399,77,1,200,30,1,998,49,970,
495,22:39:09,7415,107,1,200,102,1,1070,54,970,
496,22:39:24,7430,105,1,200,85,1,1120,36,970,
497,22:39:39,7445,86,1,200,84,1,1296,49,970,
498,22:39:54,7460,102,1,200,29,1,1057,47,970,
499,22:40:09,7475,104,1,200,31,1,1380,32,970,
500,22:40:24,7490,130,1,200,140,1,1355,32,982,
501,22:40:38,7504,89,1,200,99,1,32,43,970,
502,22:40:53,7519,99,1,200,30,1,70,36,970,
503,22:41:08,7534,77,1,200,90,1,80,57,970,
504,22:41:23,7549,100,1,200,46,1,60,183,970,
505,22:41:38,7563,80,1,200,24,1,43,42,970,
506,22:41:53,7578,93,1,200,18,1,46,38,970,
507,22:42:08,7593,98,1,200,25,1,52,30,970,
508,22:42:23,7609,199,1,200,81,1,258,162,980,
509,22:42:38,7624,103,1,200,46,1,155,39,970,
510,22:42:53,7639,88,1,200,88,1,183,44,970,
511,22:43:08,7654,200,1,200,84,1,174,38,970,
512,22:43:23,7669,117,1,200,41,1,196,98,985,
513,22:43:38,7684,149,1,200,112,1,206,32,970,
514,22:43:53,7699,95,1,200,82,1,227,60,970,
515,22:44:08,7714,77,1,200,86,1,258,58,970,
516,22:44:23,7729,95,1,200,31,1,237,127,970,
517,22:44:38,7744,102,1,200,24,1,208,51,970,
518,22:44:53,7759,103,1,200,21,1,232,61,970,
519,22:45:08,7774,91,1,200,23,1,116,126,970,
520,22:45:23,7789,100,1,200,36,1,305,74,970,
521,22:45:38,7804,83,1,200,42,1,316,50,970,
522,22:45:53,7819,87,1,200,31,1,288,42,976,
523,22:46:08,7834,120,1,200,80,1,298,36,970,
524,22:46:23,7849,97,1,200,83,1,367,70,970,
525,22:46:38,7864,89,1,200,37,1,298,39,970,
526,22:46:53,7879,122,1,200,35,1,328,49,970,
527,22:47:08,7894,96,1,200,41,1,347,56,970,
528,22:47:23,7909,131,1,200,93,1,485,49,970,
529,22:47:38,7924,108,1,200,18,1,159,112,970,
530,22:47:53,7939,142,1,200,14,1,319,50,970,
531,22:48:08,7954,115,1,200,24,1,317,50,970,
532,22:48:23,7969,119,1,200,44,1,354,97,970,
533,22:48:38,7984,82,1,200,15,1,381,29,970,
534,22:48:53,7999,112,1,200,40,1,383,45,970,
535,22:49:08,8014,160,1,200,79,1,412,55,970,
536,22:49:23,8029,78,1,200,106,1,507,67,970,
537,22:49:38,8044,86,1,200,98,1,403,26,970,
538,22:49:53,8059,205,1,200,24,1,404,32,970,
539,22:50:08,8074,104,1,200,46,1,487,55,970,
540,22:50:23,8089,116,1,200,93,1,579,39,970,
541,22:50:38,8104,97,1,200,89,1,464,39,970,
542,22:50:53,8119,89,1,200,27,1,411,44,970,
543,22:51:08,8134,102,1,200,16,1,388,32,985,
544,22:51:23,8149,93,1,200,44,1,596,67,970,
545,22:51:38,8164,104,1,200,12,1,476,41,970,
546,22:51:53,8179,92,1,200,39,1,440,48,970,
547,22:52:08,8194,109,1,200,93,1,497,40,984,
548,22:52:23,8209,106,1,200,63,1,753,37,970,
549,22:52:38,8224,141,1,200,92,1,497,35,970,
550,22:52:53,8239,107,1,200,96,1,534,68,970,
551,22:53:08,8254,104,1,200,97,1,663,58,970,
552,22:53:23,8269,93,1,200,72,1,735,32,970,
553,22:53:38,8284,118,1,200,27,1,655,41,970,
554,22:53:53,8299,115,1,200,28,1,533,54,970,
555,22:54:08,8314,105,1,200,25,1,522,32,970,
556,22:54:24,8329,121,1,200,71,1,805,37,970,
557,22:54:38,8344,121,1,200,25,1,420,34,970,
558,22:54:53,8359,98,1,200,23,1,678,33,970,
559,22:55:08,8374,98,1,200,16,1,530,40,970,
560,22:55:23,8389,98,1,200,45,1,697,39,970,
561,22:55:38,8404,88,1,200,39,1,579,63,970,
562,22:55:53,8419,97,1,200,23,1,598,40,970,
563,22:56:08,8434,94,1,200,28,1,742,47,970,
564,22:56:24,8449,88,1,200,85,1,883,38,970,
565,22:56:38,8464,184,1,200,40,1,641,53,970,
566,22:56:53,8479,105,1,200,80,1,748,27,970,
567,22:57:08,8494,91,1,200,28,1,627,49,970,
568,22:57:24,8509,114,1,200,42,1,977,32,970,
569,22:57:38,8524,91,1,200,28,1,697,42,970,
570,22:57:53,8539,118,1,200,20,1,517,31,970,
571,22:58:08,8554,127,1,200,26,1,680,54,970,
572,22:58:23,8569,100,1,200,20,1,787,45,970,
573,22:58:39,8584,79,1,200,18,1,933,58,984,
574,22:58:54,8599,84,1,200,32,1,833,40,970,
575,22:59:09,8614,123,1,200,50,1,870,51,970,
576,22:59:24,8629,77,1,200,40,1,881,45,970,
577,22:59:38,8644,103,1,200,76,1,723,49,970,
578,22:59:54,8659,83,1,200,78,1,869,36,970,
579,23:00:09,8674,92,1,200,38,1,895,34,970,
580,23:00:24,8689,93,1,200,33,1,899,39,970,
581,23:00:39,8704,100,1,200,26,1,929,37,970,
582,23:00:54,8719,112,1,200,24,1,894,43,970,
583,23:01:08,8734,74,1,200,23,1,839,39,970,
584,23:01:24,8750,103,1,200,231,1,1085,39,970,
585,23:01:39,8764,115,1,200,28,1,929,39,970,
586,23:01:54,8780,99,1,200,46,1,1062,38,970,
587,23:02:09,8795,88,1,200,83,1,1039,37,970,
588,23:02:24,8810,80,1,200,250,1,1091,33,970,
589,23:02:39,8825,75,1,200,53,1,1015,35,970,
590,23:02:54,8840,111,1,200,26,1,1021,45,970,
591,23:03:09,8855,136,1,200,89,1,1034,45,970,
592,23:03:24,8870,96,1,200,114,1,1163,47,970,
593,23:03:39,8885,100,1,200,97,1,1265,36,970,
594,23:03:54,8900,101,1,200,24,1,1031,35,970,
595,23:04:09,8915,127,1,200,22,1,1030,52,970,
596,23:04:24,8930,95,1,200,320,1,1233,31,970,
597,23:04:39,8945,192,1,200,16,1,1314,34,970,
598,23:04:54,8960,93,1,200,25,1,1131,68,970,
599,23:05:09,8975,141,1,200,91,1,1104,37,970,
600,23:05:24,8990,92,1,200,230,1,1317,29,978,
601,23:05:38,9004,97,1,200,30,1,39,27,970,
602,23:05:53,9019,114,1,200,74,1,64,57,970,
603,23:06:08,9034,96,1,200,25,1,65,42,970,
604,23:06:23,9049,120,1,200,429,1,83,20,970,
605,23:06:38,9064,106,1,200,82,1,121,48,1018,
606,23:06:53,9079,118,1,200,35,1,112,32,970,
607,23:07:08,9094,103,1,200,22,1,130,40,970,
608,23:07:23,9109,102,1,200,503,1,139,29,970,
609,23:07:38,9124,95,1,200,27,1,66,19,970,
610,23:07:53,9139,105,1,200,24,1,75,128,970,
611,23:08:08,9154,76,1,200,12,1,82,23,970,
612,23:08:23,9169,101,1,200,197,1,465,41,970,
613,23:08:38,9184,163,1,200,94,1,230,28,970,
614,23:08:53,9199,123,1,200,95,1,218,47,970,
615,23:09:08,9214,113,1,200,36,1,267,42,970,
616,23:09:23,9229,94,1,200,129,1,577,32,970,
617,23:09:38,9244,109,1,200,93,1,262,46,970,
618,23:09:53,9259,113,1,200,77,1,286,38,970,
619,23:10:08,9274,71,1,200,37,1,266,52,970,
620,23:10:23,9289,89,1,200,491,1,282,50,970,
621,23:10:38,9304,100,1,200,28,1,328,57,970,
622,23:10:53,9319,80,1,200,22,1,289,50,970,
623,23:11:08,9334,109,1,200,17,1,307,37,970,
624,23:11:23,9349,115,1,200,158,1,483,42,970,
625,23:11:38,9364,194,1,200,49,1,320,36,970,
626,23:11:53,9379,106,1,200,76,1,336,59,970,
627,23:12:08,9394,77,1,200,72,1,394,42,970,
628,23:12:23,9409,86,1,200,120,1,502,36,970,
629,23:12:38,9424,78,1,200,24,1,370,36,970,
630,23:12:53,9439,102,1,200,41,1,431,38,970,
631,23:13:08,9454,91,1,200,73,1,370,35,986,
632,23:13:23,9469,102,1,200,346,1,453,41,970,
633,23:13:38,9484,81,1,200,31,1,460,42,970,
634,23:13:53,9499,106,1,200,28,1,484,43,970,
635,23:14:08,9514,93,1,200,21,1,418,46,970,
636,23:14:23,9529,82,1,200,105,1,565,38,970,
637,23:14:38,9544,89,1,200,16,1,410,60,970,
638,23:14:53,9559,85,1,200,23,1,441,35,970,
639,23:15:08,9574,87,1,200,26,1,524,45,970,
640,23:15:24,9589,104,1,200,514,1,438,63,970,
641,23:15:38,9604,90,1,200,28,1,462,48,970,
642,23:15:53,9619,123,1,200,60,1,543,49,970,
643,23:16:08,9634,90,1,200,27,1,469,41,970,
644,23:16:24,9649,91,1,200,114,1,853,58,970,
645,23:16:38,9664,116,1,200,79,1,602,40,970,
646,23:16:53,9679,95,1,200,31,1,502,34,970,
647,23:17:08,9694,122,1,200,46,1,588,44,970,
648,23:17:24,9709,93,1,200,159,1,794,40,970,
649,23:17:38,9724,96,1,200,19,1,477,64,970,
650,23:17:53,9739,86,1,200,22,1,539,40,1014,
651,23:18:08,9754,122,1,200,28,1,597,40,970,
652,23:18:24,9769,84,1,200,169,1,682,43,970,
653,23:18:38,9784,119,1,200,78,1,660,32,985,
654,23:18:53,9799,86,1,200,92,1,564,43,970,
655,23:19:08,9814,119,1,200,21,1,598,37,970,
656,23:19:24,9829,128,1,200,102,1,823,38,970,
657,23:19:38,9844,84,1,200,31,1,582,51,970,
658,23:19:54,9859,88,1,200,92,1,740,25,970,
659,23:20:08,9874,83,1,200,35,1,591,56,970,
660,23:20:24,9890,84,1,200,191,1,867,40,970,
661,23:20:38,9904,88,1,200,22,1,562,36,970,
662,23:20:53,9919,108,1,200,24,1,579,27,970,
663,23:21:08,9934,97,1,200,15,1,686,34,970,
664,23:21:24,9950,104,1,200,104,1,907,35,970,
665,23:21:38,9964,73,1,200,81,1,644,30,970,
666,23:21:54,9979,98,1,200,74,1,772,65,970,
667,23:22:08,9994,96,1,200,81,1,666,44,970,
668,23:22:24,10010,76,1,200,57,1,1037,39,970,
669,23:22:39,10024,97,1,200,83,1,835,44,970,
670,23:22:53,10039,85,1,200,16,1,651,41,970,
671,23:23:09,10054,136,1,200,67,1,695,51,970,
672,23:23:24,10069,93,1,200,103,1,853,53,970,
673,23:23:39,10085,196,1,200,39,1,872,39,970,
674,23:23:54,10099,112,1,200,20,1,898,39,970,
675,23:24:09,10115,107,1,200,47,1,967,30,970,
676,23:24:24,10130,93,1,200,70,1,1038,45,970,
677,23:24:38,10144,90,1,200,33,1,737,35,970,
678,23:24:54,10159,97,1,200,23,1,895,55,1007,
679,23:25:09,10175,95,1,200,57,1,936,58,978,
680,23:25:24,10190,96,1,200,121,1,1001,39,970,
681,23:25:39,10205,103,1,200,66,1,964,54,970,
682,23:25:54,10220,104,1,200,56,1,1005,57,970,
683,23:26:09,10235,107,1,200,48,1,947,48,970,
684,23:26:24,10250,130,1,200,211,1,1017,34,970,
685,23:26:39,10265,91,1,200,69,1,970,32,970,
686,23:26:54,10280,98,1,200,49,1,1004,44,970,
687,23:27:09,10295,110,1,200,25,1,988,35,970,
688,23:27:24,10310,99,1,200,59,1,1160,62,970,
689,23:27:39,10325,86,1,200,23,1,954,48,970,
690,23:27:54,10340,84,1,200,23,1,980,24,979,
691,23:28:09,10355,92,1,200,31,1,1059,41,970,
692,23:28:24,10370,101,1,200,81,1,1302,44,970,
693,23:28:39,10385,180,1,200,21,1,1351,39,970,
694,23:28:54,10400,91,1,200,81,1,1093,39,970,
695,23:29:09,10415,104,1,200,23,1,1111,35,970,
696,23:29:24,10430,106,1,200,221,1,1207,34,970,
697,23:29:39,10445,106,1,200,30,1,1317,34,970,
698,23:29:54,10460,90,1,200,67,1,1128,45,970,
699,23:30:09,10475,97,1,200,20,1,994,40,976,
700,23:30:24,10490,92,1,200,337,1,1184,31,970,
701,23:30:38,10504,84,1,200,11,1,21,30,970,
702,23:30:53,10519,103,1,200,19,1,29,16,970,
703,23:31:08,10534,101,1,200,21,1,36,18,970,
704,23:31:23,10549,101,1,200,322,1,88,42,970,
705,23:31:38,10564,100,1,200,68,1,101,47,1000,
706,23:31:53,10579,200,1,200,30,1,106,36,970,
707,23:32:08,10594,107,1,200,81,1,127,33,982,
708,23:32:23,10609,89,1,200,284,1,145,50,970,
709,23:32:38,10624,82,1,200,27,1,141,43,970,
710,23:32:53,10639,103,1,200,42,1,166,39,970,
711,23:33:08,10654,115,1,200,79,1,179,41,970,
712,23:33:23,10669,98,1,200,52,1,404,39,970,
713,23:33:38,10684,90,1,200,11,1,103,26,970,
714,23:33:53,10699,93,1,200,17,1,93,28,970,
715,23:34:08,10714,203,1,200,13,1,104,118,970,
716,23:34:23,10729,89,1,200,261,1,282,40,970,
717,23:34:38,10744,90,1,200,67,1,271,38,970,
718,23:34:53,10759,100,1,200,25,1,294,46,970,
719,23:35:08,10774,123,1,200,80,1,264,41,970,
720,23:35:23,10789,114,1,200,171,1,280,41,970,
721,23:35:38,10804,107,1,200,75,1,328,41,971,
722,23:35:53,10819,82,1,200,44,1,303,44,970,
723,23:36:08,10834,78,1,200,32,1,306,31,970,
724,23:36:23,10849,101,1,200,187,1,408,47,970,
725,23:36:38,10864,78,1,200,49,1,335,57,970,
726,23:36:53,10879,91,1,200,20,1,281,44,970,
727,23:37:08,10894,100,1,200,17,1,283,32,970,
728,23:37:23,10909,95,1,200,246,1,384,42,970,
729,23:37:38,10924,98,1,200,24,1,340,47,970,
730,23:37:53,10939,107,1,200,74,1,436,56,970,
731,23:38:08,10954,112,1,200,41,1,374,56,970,
732,23:38:23,10969,149,1,200,132,1,412,38,970,
733,23:38:38,10984,111,1,200,21,1,476,32,970,
734,23:38:53,10999,109,1,200,75,1,399,34,970,
735,23:39:08,11014,125,1,200,66,1,422,55,970,
736,23:39:23,11029,90,1,200,198,1,546,46,1033,
737,23:39:38,11044,84,1,200,23,1,422,45,988,
738,23:39:53,11059,115,1,200,40,1,529,37,970,
739,23:40:08,11074,102,1,200,47,1,512,46,970,
740,23:40:23,11089,104,1,200,242,1,457,29,970,
741,23:40:38,11104,102,1,200,25,1,440,55,970,
742,23:40:53,11119,92,1,200,22,1,493,37,970,
743,23:41:08,11134,114,1,200,14,1,528,35,970,
744,23:41:23,11149,153,1,200,173,1,510,43,970,
745,23:41:38,11164,96,1,200,24,1,610,27,983,
746,23:41:53,11179,125,1,200,33,1,498,46,970,
747,23:42:08,11194,100,1,200,61,1,504,35,970,
748,23:42:24,11209,86,1,200,194,1,642,55,970,
749,23:42:38,11224,91,1,200,21,1,529,42,970,
750,23:42:53,11239,99,1,200,32,1,549,48,1016,
751,23:43:08,11254,111,1,200,13,1,706,33,970,
752,23:43:24,11269,93,1,200,260,1,552,49,970,
753,23:43:38,11284,114,1,200,25,1,665,34,970,
754,23:43:53,11299,84,1,200,47,1,539,44,970,
755,23:44:08,11314,101,1,200,26,1,616,52,970,
756,23:44:24,11329,82,1,200,201,1,716,32,970,
757,23:44:38,11344,103,1,200,77,1,588,43,970,
758,23:44:54,11359,104,1,200,88,1,762,46,970,
759,23:45:08,11374,93,1,200,25,1,602,38,970,
760,23:45:24,11390,108,1,200,268,1,744,37,986,
761,23:45:38,11404,91,1,200,75,1,612,48,970,
762,23:45:54,11419,195,1,200,83,1,658,48,970,
763,23:46:09,11434,91,1,200,17,1,767,35,970,
764,23:46:24,11450,85,1,200,252,1,771,44,987,
765,23:46:38,11464,86,1,200,21,1,560,34,970,
766,23:46:54,11479,90,1,200,33,1,727,57,970,
767,23:47:08,11494,102,1,200,16,1,583,47,970,
768,23:47:24,11510,79,1,200,65,1,1038,37,970,
769,23:47:39,11525,89,1,200,25,1,914,35,970,
770,23:47:54,11539,99,1,200,94,1,678,23,970,
771,23:48:09,11554,91,1,200,32,1,719,49,970,
772,23:48:24,11570,98,1,200,207,1,937,43,970,
773,23:48:39,11585,94,1,200,89,1,893,42,983,
774,23:48:54,11600,73,1,200,94,1,896,44,970,
775,23:49:09,11615,106,1,200,57,1,929,50,970,
776,23:49:24,11630,103,1,200,100,1,934,32,970,
777,23:49:39,11644,100,1,200,76,1,761,43,970,
778,23:49:53,11659,68,1,200,12,1,623,41,970,
779,23:50:09,11675,84,1,200,25,1,950,33,970,
780,23:50:24,11690,94,1,200,213,1,946,39,1003,
781,23:50:39,11705,178,1,200,29,1,1002,37,1006,
782,23:50:54,11720,91,1,200,91,1,1024,45,970,
783,23:51:09,11735,89,1,200,87,1,956,42,970,
784,23:51:24,11750,85,1,200,225,1,990,41,970,
785,23:51:39,11765,79,1,200,23,1,995,45,970,
786,23:51:54,11780,110,1,200,69,1,1036,43,970,
787,23:52:09,11795,88,1,200,84,1,1062,66,970,
788,23:52:24,11810,198,1,200,112,1,1014,42,970,
789,23:52:39,11825,103,1,200,40,1,1051,46,970,
790,23:52:54,11840,82,1,200,24,1,1040,32,970,
791,23:53:09,11855,88,1,200,14,1,1102,27,970,
792,23:53:24,11870,93,1,200,125,1,1215,40,970,
793,23:53:39,11885,77,1,200,22,1,1279,54,970,
794,23:53:54,11900,165,1,200,24,1,1117,40,7200,
795,23:54:09,11915,93,1,200,39,1,1163,42,7186,
796,23:54:24,11930,103,1,200,128,1,1150,27,7190,
797,23:54:39,11945,106,1,200,27,1,1414,43,7215,
798,23:54:54,11960,77,1,200,15,1,1233,46,7196,
799,23:55:09,11975,101,1,200,106,1,1464,32,7185,
800,23:55:24,11990,86,1,200,179,1,1416,54,7177,
801,23:55:38,12004,79,1,200,23,1,23,17,7151,
802,23:55:53,12019,124,1,200,14,1,24,18,7181,
803,23:56:08,12034,99,1,200,53,1,70,52,7190,
804,23:56:23,12049,94,1,200,151,1,107,38,7198,
805,23:56:38,12064,93,1,200,11,1,196,31,7200,
806,23:56:53,12079,72,1,200,11,1,203,56,7190,
807,23:57:08,12094,101,1,200,101,1,129,38,7176,
808,23:57:23,12109,100,1,200,132,1,265,31,7170,
809,23:57:38,12124,74,1,200,29,1,81,38,7175,
810,23:57:53,12139,98,1,200,10,1,69,17,7174,
811,23:58:08,12154,81,1,200,28,1,265,36,7183,
812,23:58:23,12169,102,1,200,364,1,203,38,7175,
813,23:58:38,12184,78,1,200,46,1,216,32,7177,
814,23:58:53,12199,110,1,200,12,1,321,44,7148,
815,23:59:08,12214,116,1,200,111,1,266,35,7193,
816,23:59:23,12229,83,1,200,251,1,271,38,7174,
817,23:59:38,12244,76,1,200,11,1,103,134,7188,
818,23:59:53,12259,98,1,200,86,1,279,44,7178,
819,00:00:08,12274,91,1,200,13,1,354,30,7167,
820,00:00:23,12289,116,1,200,353,1,294,44,7193,
821,00:00:38,12304,74,1,200,28,1,303,32,7172,
822,00:00:53,12319,100,1,200,11,1,321,34,7165,
823,00:01:08,12334,88,1,200,12,1,269,30,7151,
824,00:01:23,12349,116,1,200,100,1,433,28,7194,
825,00:01:38,12364,72,1,200,10,1,126,123,7173,
826,00:01:53,12379,79,1,200,14,1,414,57,7190,
827,00:02:08,12394,107,1,200,21,1,456,41,7117,
828,00:02:23,12409,95,1,200,111,1,484,45,7159,
829,00:02:38,12424,105,1,200,92,1,371,37,7189,
830,00:02:53,12439,80,1,200,16,1,536,33,7153,
831,00:03:08,12454,102,1,200,24,1,172,17,7141,
832,00:03:23,12469,85,1,200,79,1,441,40,7162,
833,00:03:38,12484,84,1,200,10,1,360,35,7160,
834,00:03:53,12499,90,1,200,94,1,405,59,7158,
835,00:04:08,12514,89,1,200,13,1,527,45,7169,
836,00:04:23,12529,75,1,200,126,1,502,47,7171,
837,00:04:38,12544,100,1,200,24,1,520,33,7163,
838,00:04:53,12559,108,1,200,33,1,468,34,7182,
839,00:05:08,12574,89,1,200,71,1,530,36,7177,
840,00:05:23,12589,106,1,200,60,1,565,60,7180,
841,00:05:38,12604,123,1,200,31,1,441,48,7173,
842,00:05:53,12619,81,1,200,45,1,641,37,7174,
843,00:06:08,12634,94,1,200,24,1,570,29,7160,
844,00:06:23,12649,105,1,200,143,1,497,40,7178,
845,00:06:38,12664,88,1,200,11,1,693,41,7168,
846,00:06:53,12679,89,1,200,39,1,533,37,7165,
847,00:07:08,12694,147,1,200,17,1,443,38,7156,
848,00:07:24,12709,76,1,200,93,1,754,36,7147,
849,00:07:38,12724,95,1,200,11,1,446,59,7162,
850,00:07:53,12739,87,1,200,45,1,568,62,7160,
851,00:08:09,12754,134,1,200,34,1,759,40,7189,
852,00:08:24,12769,85,1,200,137,1,583,43,7164,
853,00:08:39,12784,112,1,200,79,1,690,49,7166,
854,00:08:53,12799,92,1,200,13,1,670,33,7188,
855,00:09:08,12814,107,1,200,11,1,473,32,7164,
856,00:09:24,12829,143,1,200,82,1,725,40,7163,
857,00:09:38,12844,92,1,200,10,1,505,36,7186,
858,00:09:54,12859,119,1,200,12,1,833,37,7193,
859,00:10:09,12874,105,1,200,11,1,696,22,7172,
860,00:10:24,12890,93,1,200,44,1,840,49,7148,
861,00:10:39,12904,116,1,200,10,1,703,26,7146,
862,00:10:54,12919,90,1,200,15,1,733,35,7174,
863,00:11:08,12934,71,1,200,27,1,685,34,7136,
864,00:11:24,12949,91,1,200,49,1,818,36,7129,
865,00:11:38,12964,74,1,200,24,1,633,49,7163,
866,00:11:54,12980,93,1,200,119,1,805,34,7150,
867,00:12:09,12994,90,1,200,88,1,689,43,7109,
868,00:12:24,13010,106,1,200,115,1,870,64,7152,
869,00:12:39,13025,91,1,200,11,1,947,39,7146,
870,00:12:54,13039,99,1,200,16,1,705,44,7175,
871,00:13:08,13054,89,1,200,11,1,603,32,7183,
872,00:13:24,13070,99,1,200,55,1,845,38,7147,
873,00:13:39,13084,74,1,200,13,1,815,30,7147,
874,00:13:54,13100,79,1,200,12,1,965,34,7159,
875,00:14:09,13115,94,1,200,11,1,937,41,7169,
876,00:14:24,13130,134,1,200,122,1,935,63,7186,
877,00:14:39,13145,95,1,200,109,1,774,40,7168,
878,00:14:54,13159,103,1,200,26,1,780,29,7160,
879,00:15:09,13174,130,1,200,22,1,833,25,7168,
880,00:15:24,13190,92,1,200,235,1,977,41,7127,
881,00:15:39,13205,88,1,200,12,1,1061,52,7152,
882,00:15:54,13220,97,1,200,11,1,1144,39,7141,
883,00:16:09,13235,100,1,200,11,1,1067,42,7172,
884,00:16:24,13250,89,1,200,112,1,1002,34,7144,
885,00:16:39,13265,93,1,200,118,1,1011,64,7160,
886,00:16:54,13279,87,1,200,36,1,678,48,7167,
887,00:17:09,13295,120,1,200,11,1,1036,50,7138,
888,00:17:24,13310,79,1,200,46,1,1005,29,7134,
889,00:17:39,13325,107,1,200,102,1,1067,37,7154,
890,00:17:54,13340,78,1,200,14,1,1063,40,7154,
891,00:18:09,13355,109,1,200,27,1,1098,52,7144,
892,00:18:24,13370,77,1,200,79,1,1162,32,7165,
893,00:18:39,13385,119,1,200,45,1,1336,38,7129,
894,00:18:54,13400,100,1,200,22,1,1206,34,7146,
895,00:19:09,13415,119,1,200,14,1,984,40,7128,
896,00:19:24,13430,102,1,200,86,1,1252,62,7146,
897,00:19:39,13445,77,1,200,27,1,1386,50,7135,
898,00:19:54,13460,138,1,200,114,1,1168,35,7142,
899,00:20:09,13475,122,1,200,99,1,1198,36,7149,
900,00:20:24,13490,91,1,200,119,1,1266,35,7115,
901,00:20:38,13504,118,1,200,41,1,66,42,7141,
902,00:20:53,13519,104,1,200,11,1,25,16,7149,
903,00:21:08,13534,202,1,200,13,1,29,17,7156,
904,00:21:23,13549,76,1,200,22,1,35,18,7161,
905,00:21:38,13564,65,1,200,12,1,151,43,7134,
906,00:21:53,13579,78,1,200,119,1,130,35,7157,
907,00:22:08,13594,101,1,200,17,1,213,33,7139,
908,00:22:23,13609,128,1,200,11,1,245,27,7161,
909,00:22:38,13624,112,1,200,15,1,244,37,7141,
910,00:22:53,13639,82,1,200,20,1,80,30,7102,
911,00:23:08,13654,114,1,200,14,1,76,33,970,
912,00:23:23,13669,88,1,200,12,1,83,27,970,
913,00:23:38,13684,66,1,200,35,1,180,50,970,
914,00:23:53,13699,88,1,200,27,1,234,54,1041,
915,00:24:08,13714,91,1,200,90,1,267,40,970,
916,00:24:23,13729,212,1,200,15,1,237,35,1165,
917,00:24:38,13744,94,1,200,24,1,270,38,970,
918,00:24:53,13759,128,1,200,27,1,299,33,970,
919,00:25:08,13774,97,1,200,73,1,270,36,970,
920,00:25:23,13789,59,1,200,99,1,299,44,1061,
921,00:25:38,13804,85,1,200,12,1,332,33,970,
922,00:25:53,13819,98,1,200,22,1,344,30,970,
923,00:26:08,13834,162,1,200,14,1,235,34,970,
924,00:26:23,13849,81,1,200,25,1,250,31,970,
925,00:26:38,13864,90,1,200,21,1,315,29,970,
926,00:26:53,13879,93,1,200,23,1,333,42,970,
927,00:27:08,13894,92,1,200,34,1,381,29,970,
928,00:27:23,13909,129,1,200,79,1,365,40,970,
929,00:27:38,13924,95,1,200,83,1,396,35,970,
930,00:27:53,13939,89,1,200,89,1,460,38,970,
931,00:28:08,13954,87,1,200,21,1,389,40,1175,
932,00:28:23,13969,91,1,200,68,1,419,36,970,
933,00:28:38,13984,92,1,200,98,1,494,35,970,
934,00:28:53,13999,86,1,200,67,1,429,42,1049,
935,00:29:08,14014,90,1,200,20,1,490,35,970,
936,00:29:23,14029,86,1,200,15,1,444,34,970,
937,00:29:38,14044,69,1,200,15,1,327,40,970,
938,00:29:53,14059,89,1,200,14,1,387,34,970,
939,00:30:08,14074,87,1,200,15,1,546,40,970,
940,00:30:23,14089,98,1,200,19,1,476,25,970,
941,00:30:38,14104,106,1,200,73,1,497,43,970,
942,00:30:53,14119,87,1,200,91,1,570,34,970,
943,00:31:08,14134,82,1,200,75,1,505,32,970,
944,00:31:23,14149,110,1,200,88,1,523,52,970,
945,00:31:39,14164,90,1,200,87,1,655,39,970,
946,00:31:54,14179,194,1,200,89,1,538,35,970,
947,00:32:08,14194,88,1,200,77,1,552,37,970,
948,00:32:24,14210,198,1,200,34,1,752,34,970,
949,00:32:38,14224,85,1,200,13,1,520,31,970,
950,00:32:53,14239,80,1,200,14,1,480,56,970,
951,00:33:09,14254,82,1,200,16,1,661,49,970,
952,00:33:23,14269,99,1,200,16,1,524,29,970,
953,00:33:39,14284,87,1,200,32,1,707,25,970,
954,00:33:54,14299,88,1,200,81,1,613,47,970,
955,00:34:09,14314,66,1,200,82,1,630,41,970,
956,00:34:24,14330,167,1,200,218,1,707,41,970,
957,00:34:38,14344,101,1,200,23,1,627,36,970,
958,00:34:54,14360,128,1,200,67,1,796,38,970,
959,00:35:09,14374,92,1,200,93,1,637,46,970,
960,00:35:24,14389,84,1,200,30,1,801,36,970,
